company name,industry,registered,scale
A2U速递,None,0,None
AAE快递,None,0,None
安能物流,道路运输业,"1,000万(元)",普通货运；货运代理；大型货物运输；仓储服务（不含危险化学品及易制毒化学品）；货物配载；搬运装卸；运输信息服务；进出口业务；运输货物打包服务。（依法须经批准的项目，经相关部门批准后方可开展经营活动）
安迅物流,装卸搬运和仓储业,"10,000万(元)",普通货运（道路运输经营许可证有效期至2021年05月14日）；国内快递（邮政企业专营业务除外）（快递业务经营许可证有效期至2021年05月10日）；专业承包；仓储保管；道路货运代理；装卸服务；经济贸易咨询；技术推广；配送服务；分批包装；航空国际货物运输代理；销售（不含零售）日用杂货、电子产品、工艺品（不含文物）、化妆品、机械设备、家用电器、建筑材料、五金交电、装饰材料、针纺织品、服装鞋帽、厨房用具、卫生用品、计算机软件及辅助设备、家具、宠物用品、文化用品、办公设备、体育用品（不含弩）、化工产品（不含危险化学品）、玩具、乐器、箱包、钟表、珠宝首饰、小饰品、避孕套、避孕帽、橡胶制品、通讯设备；安装及维修家用电器；租赁爬楼专用设备。（领取本执照后，应到市商务委备案。企业依法自主选择经营项目，开展经营活动；依法须经批准的项目，经相关部门批准后依批准的内容开展经营活动；不得从事本区产业政策禁止和限制类项目的经营活动。）
澳邮中国快运,None,0,None
安鲜达,科技推广和应用服务业,"12,233万(元)",物流技术开发；供应链管理，国际货物运输代理，仓储服务（除危险化学品）；信息科技的开发，转让自研成果；会务服务（主办、承办除外）、商务信息咨询；国内货运代理；食用农产品（粮食除外）、食品流通、花卉苗木、工艺礼品（文物除外）、办公用品、服装、日用杂货、家用电器、五金家电的销售、网上零售、进出口、佣金代理（拍卖除外），并提供相关配套服务（不涉及国营贸易管理商品，涉及配额许可证管理商品的，按国家有关规定办理申请），汽车租赁，设备租赁，国内快递，道路货物运输 。 【依法须经批准的项目，经相关部门批准后方可开展经营活动】
安捷物流,装卸搬运和仓储业,"2,000万(元)",普通货运；无车承运业务，无船承运业务；循环周转器具、包装材料、物流设备、机器人、汽车零部件、新能源结构包装及部件研发、设计、制造、租赁服务；供应链管理服务，仓储服务（不含危险品）；货运信息咨询，物业管理；汽车租赁；日用百货、家用电器、服装鞋帽、装饰材料、通讯器材（不含无线电发射设备）、办公用品的销售；物流托盘、包装箱生产销售；劳务外包；钢材、金属材料、建材（不含油漆）的销售；软件开发、技术开发、技术咨询、技术推广、计算机系统集成服务；仓储租赁；国际货运代理；供应链管理服务；货物或技术进出口（国家禁止或涉及行政审批的货物和技术进出口除外）；大件货物运输；增值电信业务。（涉及许可经营项目，应取得相关部门许可后方可经营）
ANTS EXPRESS,None,0,None
安世通快递,邮政业,"5,000万(元)",快递服务；国际货运代理；国内货运代理；机械设备仓储服务；其他仓储业（不含需经许可审批的项目）；经营各类商品和技术的进出口（不另附进出口商品目录），但国家限定公司经营或禁止进出口的商品及技术除外；互联网销售；工艺美术品及收藏品零售（不含文物）；首饰、工艺品及收藏品批发(不含文物)；其他互联网服务（不含需经许可审批的项目）；软件开发；信息系统集成服务；信息技术咨询服务。
澳世速递,零售业,"52,001.3万(元)",批发：中药材（收购）、中药饮片、中成药、化学药制剂、抗生素原料药、抗生素制剂、生化药品、生物制品（除疫苗）、蛋白同化制剂、肽类激素（胰岛素），五金产品、电子产品；零售（连锁）：中药饮片，中成药，化学药制剂，抗生素制剂，生化药品，生物制品（除疫苗）；保健食品连锁经营；食品经营管理；批发兼零售：特殊食品（保健食品、特殊医学用途配方食品、婴幼儿配方乳粉、其他婴幼儿配方食品），预包装食品，散装食品；普通货运；呼叫中心业务、信息服务业务（仅限互联网信息服务和移动网信息服务业务）；销售（含网上销售）：医疗器械，眼镜，福利彩票，充值卡，农副产品，化妆品，日用百货，消毒用品，个人护理用品，家居护理用品，文具用品，普通机械，五金、交电，计算机，家用电器，电子产品，健身器材，饰物，食品添加剂，宠物用品，纺织品及针织品，服装，家庭用品，花卉，通信设备，矿产品，建材，化工产品；票务服务；仓储，冷库服务，人力资源服务；会议、展览服务；企业管理咨询，经济信息咨询；母婴保健；家政、职业中介服务；生物技术开发；眼镜加工。下列项目由分支机构经营：门诊部（所），验光配镜服务，零售处方药、非处方药；商贸信息咨询，商品推广宣传，营销策划；项目投资；货物进出口；设计、制作、代理、发布各类广告；代收水电费；房屋及柜台租赁服务及其相关业务策划；贸易经纪与代理；项目投资管理；组织文化艺术交流活动；包装、仓储、装卸搬运，运输代理；机械设备租赁；电子产品、日用品维修；技术进出口；中药材种植；养老院、医院、康复中心管理服务；健康管理咨询；以特许经营方式从事商业活动；品牌策划咨询；冷藏车道路运输。(依法须经批准的项目，经相关部门批准后方可开展经营活动)
Aplus物流,None,0,None
安达速递,邮政业,100万(元),国内快递（邮政企业专营业务除外）。
安达易国际速递,None,0,None
澳洲迈速快递,None,0,None
昂威物流,多式联运和运输代理业,"1,000万(元)",一般经营项目是：投资兴办实业（具体项目另行申报）；国内商业、物资供销业（不含专营、专控、专卖商品）。从事国内航线除香港、澳门、台湾地区航线外的航空货运销售代理业务（按批准证书有效期经营）。道路货运代办、铁路货运代办、货物配送、普通货物装卸（均不含危险物品）（取得许可证后方可开业）；国际货运代理（不含航空货运代理及国家限制项目）。国际海上运输业务、国际海运辅助业务。海上、陆路、航空国际货运代理;报关、报检代理服务。，许可经营项目是：普通货运;仓储服务。
澳天速运,软件和信息技术服务业,501万(元),软件开发；信息系统集成服务；信息技术咨询服务；数据处理和储存服务；集成电路设计；计算机网络系统工程服务；计算机技术开发、技术服务；商品批发贸易（许可审批类商品除外）；贸易代理。(依法须经批准的项目，经相关部门批准后方可开展经营活动)
澳洲飞跃物流,None,0,None
艾菲尔国际速递,None,0,None
澳速通国际速递,零售业,1万(元),代办电信业务、移动手机业务、手机零售(依法须经批准的项目，经相关部门批准后方可开展经营活动)
澳德物流,装卸搬运和仓储业,"3,000万(元)",仓储保管（未经专项审批的项目除外）；货运代理；信息咨询（中介除外）；劳务服务；保险代理业务；普通货运，货物专用运输（冷藏保鲜）（道路运输经营许可证有效期至2022年11月06日）。（企业依法自主选择经营项目，开展经营活动；普通货运、货物专用运输（冷藏保鲜）、保险代理业务以及依法须经批准的项目，经相关部门批准后依批准的内容开展经营活动；不得从事本市产业政策禁止和限制类项目的经营活动。）
爱拜物流,-,-,批发、零售：皮革制品。【国家法律、法规禁止的，不得经营；应经专项审批的，未获得审批前不得经营】
百世快运,多式联运和运输代理业,100万(元),国内道路货运代理；仓储服务（不含危险化学品、粮油）；道路货物运输。（企业依法自主选择经营项目，开展经营活动；道路货物运输以及依法须经批准的项目，经相关部门批准后依批准的内容开展经营活动；不得从事本市产业政策禁止和限制类项目的经营活动。）
百世快递,邮政业,50万(元),国内快递（依法须经批准的项目经相关部门批准后方可开展生产经营活动）
包裹/平邮/挂号信,None,0,None
百福东方物流,道路运输业,100万(元),普通货运，国内道路运输代理，仓储（不含危险及违禁物品）。 （依法须经批准的项目，经相关部门批准后方可开展经营活动）。
百千诚物流,道路运输业,"1,000万(元)",国际货运(陆路、空运、海运)代理及相关咨询；货物与技术进出口业务。^普通货运；代理国际快递业务。
佰麒快递,None,0,None
百成大达物流,道路运输业,"12,800万(元)",道路普通货运；站场、货运站（场）经营（货运代理）；（按《道路运输经营许可证》核定的范围和期限经营）；货物装卸、人力搬运；普通货物仓储；物流信息咨询；国内货运代理；办公用品、办公设备、机械设备的销售；车辆租赁。（依法须经批准的项目，经相关部门批准后方可开展经营活动）
百腾物流,多式联运和运输代理业,"1,000万(元)",国内道路货运代理；陆路国际货运代理；搬运、装卸（不含危险品，不含港口装卸）；国内贸易；经济信息咨询（不含证券、期货、保险及其它金融业务）；代理报关业务；经营进出口业务；研究、开发、技术服务，计算机信息技术、网络物流技术、无线通讯技术；供应链管理及相关配套服务；物流信息咨询；航空国际货运代理。^货物专用运输（冷藏保鲜），普通货运，仓储服务、货物配送（均不含危险物品）。
百事亨通,邮政业,"5,000万(元)",国内快递（邮政企业专营业务除外）；国内货物运输代理、普通货运、代办仓储服务。（依法须经批准的项目，经相关部门批准后方可开展经营活动）
堡昕德速递,邮政业,100万(元),国内快递（邮政企业专营业务除外），设计、制作各类广告，商务咨询（除经纪），会展服务，电气设备、机电设备、日用百货、五金交电、办公用品、花卉、工艺礼品的销售，货物运输代理服务、仓储服务、人力装卸服务。 【依法须经批准的项目，经相关部门批准后方可开展经营活动】
北极星快运,None,0,None
北京丰越供应链,商务服务业,500万(元),供应链管理；企业管理；物业管理；餐饮管理；健康咨询（须经审批的诊疗活动除外）；电脑图文设计、制作；经济贸易咨询；租赁机械设备；代理进出口、货物进出口、技术进出口；技术开发、技术推广、技术服务；设计、制作、代理、发布广告；国内道路货运代理；室内外装饰设计；清洁服务；仓储服务；销售新鲜水果、新鲜蔬菜、办公用品、日用品、花卉、工艺品、化工产品、五金交电（不含电动自行车）、机械设备、针纺织品、汽车零配件、通讯设备、电子产品；销售食品；道路货物运输。（企业依法自主选择经营项目，开展经营活动；销售食品、道路货物运输以及依法须经批准的项目，经相关部门批准后依批准的内容开展经营活动；不得从事本市产业政策禁止和限制类项目的经营活动。）
败欧洲,商务服务业,-,有关本公司的业务联络。
标杆物流,装卸搬运和仓储业,50万(元),道路普通货物运输；货物仓储(危险品除外)；汽车及零配件、二手车销售；代办车辆车检、保险、过户、上牌材料申报服务。（依法须经批准的项目，经相关部门批准后方可开展经营活动）
邦通国际,科技推广和应用服务业,200万(元),技术推广服务；维修手机、通讯设备。（企业依法自主选择经营项目，开展经营活动；依法须经批准的项目，经相关部门批准后依批准的内容开展经营活动；不得从事本市产业政策禁止和限制类项目的经营活动。）
贝业物流,道路运输业,"5,000万(元)",道路货物运输：国内货运代理（船舶代理除外）；承办海运、陆路、空运进出口货物的国际运输代理业务；仓储服务（除食品、危险品），装卸搬运服务；商务信息咨询；在上海市松江区油墩港路111号内从事房屋租赁，物业管理，停车场服务；食品流通，从事五金交电、汽摩配件、建筑装潢材料、日用百货、体育用品、办公用品的批发、佣金代理（除拍卖外）、进出口及相关的配套服务（不涉及国营贸易管理商品，涉及配额、许可证管理商品的，按国家有关规定办理申请）。 【依法须经批准的项目，经相关部门批准后方可开展经营活动】
八达通快递,商务服务业,50.5万(元),国内快递（邮政企业专营业务除外）；国内快递业务咨询；普通货物道路运输（凭有效许可证经营）；网络建设，网络维护；打印设备、文具、手机及配件、电脑设备及耗材、打印机耗材、水果、蔬菜的销售；食品经营（凭有效许可证经营）；国家允许经营的进出口业务；自有房屋租赁；自有场地租赁；机械设备租赁；办公设备租赁；物业服务。
帮帮发,通用设备制造业,100万(元),阀门、汽车配件、摩托车配件、水暖管件、塑料制品、橡胶制品制造；货物进出口、技术进出口。
报通快递,商务服务业,"1,000万(元)",报纸发行；国内快递（邮政企业专营业务除外）（凭《快递业务经营许可证》经营）；普通货运；仓储服务（危险化学品、易制毒品除外）；预包装食品的销售（含冷藏冷冻食品）；设计、制作、发布国内广告业务；承办庆典服务；日用百货、工艺礼品（古玩除外）、五金交电、家具用品及相关配件、针纺织品、服装鞋帽、体育用品、钟表、电子产品、玩具、未经加工的初级农产品、果品蔬菜、散装食品（凭许可证经营）的销售；环保产品的研发与销售。（依法须经批准的项目，经相关部门批准后方可开展经营活动）
百通物流,道路运输业,501万(元),普通货运、货物专用运输（集装箱、冷藏保鲜、罐式）；大型货物运输（三类）；物流服务、信息配载、仓储服务、货物中转；机械设备吊装租赁服务。(依法须经批准的项目，经相关部门批准后方可开展经营活动)。
邦泰快运,道路运输业,100万(元),法律、法规、国务院决定规定禁止的不得经营；法律、法规、国务院决定规定应当许可（审批）的，经审批机关批准后凭许可（审批）文件经营;法律、法规、国务院决定规定无需许可（审批）的，市场主体自主选择经营。（道路普通货物运输；货运代理；货运信息咨询服务；仓储服务（除危化品）；货物装卸、配送及包装。）
COE（东方快递）,None,0,None
出口易,货币金融服务,"1,871,869.6778万(元)",经营金融业务（范围详见中国银监会的批文）。
程光快递,道路运输业,105万(元),普通货运、货运代理服务。（依法须经批准的项目，经相关部门批准后方可开展经营活动）。
传喜物流,装卸搬运和仓储业,50万(元),道路货物运输，国内货物运输代理，人工装卸服务，人工搬运服务，仓储服务（除危险化学品），物流装备信息咨询，五金交电、金属材料、汽车配件、摩托车配件、建筑材料、日用百货、办公用品、文具用品批发、零售。【依法须经批准的项目，经相关部门批准后方可开展经营活动。】
春风物流,道路运输业,"4,286万(元)",道路货物运输，货物运输代理，仓储服务（除危险品），装卸服务，物业管理，计算机软硬件、服装鞋帽、日用百货、玩具、工艺品（象牙及其制品除外）、电子产品、饰品、化妆品的销售，计算机领域内的技术开发、技术转让、技术咨询、技术服务 。 【依法须经批准的项目，经相关部门批准后方可开展经营活动】
村通快递,邮政业,500万(元),普通货物运输，仓储、配送、包装、装卸、物流信息服务，国内货运代理。（依法须经批准的项目，经相关部门批准后方可开展经营活动）
长风物流,装卸搬运和仓储业,"4,680万(元)",许可经营项目：普通货物运输、仓储、配送服务。（凭有效许可证经营）
长江国际速递,农副食品加工业,505万(元),碾米、磨粉、饲料的来料加工。
C&C国际速递,None,0,None
诚一物流,多式联运和运输代理业,"12,900万(元)",货运代理；仓储理货、装卸搬运配送服务；经济信息咨询；货物进出口、技术进出口、货车及配件、摩托车及配件、灯具、普通机械及配件、电器机械及器材、建筑材料、装饰材料、金属材料的销售。
承诺达,邮政业,100万(元),国内快递(邮政企业专营业务除外)、普通货物道路运输。
曹操到,批发业,300万(元),商品代购服务；普通商品配送服务；送餐服务；代驾服务。（依法须经批准的项目，经相关部门批准后方可开展经营活动）。
昌宇国际,None,0,None
河北橙配,道路运输业,500万(元),国内快递（邮政企业专营业务除外）；普通货运；仓储服务（危险品除外）；搬倒装卸服务；企业管理咨询；预包装食品销售。（依法须经批准的项目，经相关部门批准后方可开展经营活动）
臣邦同城,批发业,100万(元),城市配送服务（凭许可证经营）；物流信息服务平台研发、物流信息咨询；汽车租赁；供应链管理服务；货运：普通货运（凭许可证经营）；经济信息咨询（不含金融、证券、期货及其他需专项审批项目；未经金融等监管部门批准，不得从事向公众融资存款、融资担保、代客理财等金融服务）；销售（含网上销售）：鞋、服装、饰品、工艺品（不含艺术品经营）、食品（凭许可证经营）、初级食用农产品、生活日用品。（依法须经批准的项目，经相关部门批准后方可开展经营活动）
CE易欧通国际速递,None,0,None
DHL中国,零售业,1万(元),小百零售.（依法须经批准的项目，经相关部门批准后方可开展经营活动。）
DHL国际,航空运输业,"5,000万(美元)",为DHL合资航空公司及DHL签约航空公司、货代及快件公司和货主提供进出港及过境货物、快件在上海浦东国际机场DHL枢纽内的处理服务，包括货运商务文件处理、货物接收、回收、过磅、仓储、分拣、拼装及拆装、配载、出货、场内搬运、堆放、信息处理、查询，以及上述业务的配套服务；承办进出口货物、国际展品、私人物品及过境货物运输代理，包括：揽货、托运、订舱、仓储、中转、集装箱拼箱拆箱、结算运杂费；报关、报验、相关的短途运输服务及运输咨询服务。国际快递（不含私人信函和县级以上党政军机关公文的寄递业务，邮政企业专营业务除外）。【依法须经批准的项目，经相关部门批准后方可开展经营活动】
DHL中国,零售业,1万(元),小百零售.（依法须经批准的项目，经相关部门批准后方可开展经营活动。）
DHL国际,航空运输业,"5,000万(美元)",为DHL合资航空公司及DHL签约航空公司、货代及快件公司和货主提供进出港及过境货物、快件在上海浦东国际机场DHL枢纽内的处理服务，包括货运商务文件处理、货物接收、回收、过磅、仓储、分拣、拼装及拆装、配载、出货、场内搬运、堆放、信息处理、查询，以及上述业务的配套服务；承办进出口货物、国际展品、私人物品及过境货物运输代理，包括：揽货、托运、订舱、仓储、中转、集装箱拼箱拆箱、结算运杂费；报关、报验、相关的短途运输服务及运输咨询服务。国际快递（不含私人信函和县级以上党政军机关公文的寄递业务，邮政企业专营业务除外）。【依法须经批准的项目，经相关部门批准后方可开展经营活动】
DHL德国,None,0,None
德邦快递,邮政业,100万(元),货物运输代理及仓储服务(不含危险化学品)，货物运输信息咨询，国内快递。(依法须经批准的项目，经相关部门批准后方可开展经营活动)
东方快递,酒、饮料和精制茶制造业,280万(美元),生产各类食品、饮料、葡萄酒、果露酒、米酒、黄酒、料酒（凭有效许可证开展经营活动），销售本公司产品。（依法须经批准的项目，经相关部门批准后方可开展经营活动）
递四方,None,0,None
大洋物流,多式联运和运输代理业,"3,750万(元)",一般经营项目是：国际货运代理（法律、行政法规、国务院决定规定需要交通部门审批的，需取得相关批准文件方可经营）；国内贸易（法律、行政法规、国务院决定规定在登记前须批准的项目除外）；经营进出口业务（法律、行政法规、国务院决定禁止的项目除外，限制的项目须取得许可后方可经营）；，许可经营项目是：报关报检业务；过境运输。
东方汇,其他金融业,"15,000万(元)",商品期货经纪、金融期货经纪、资产管理业务（法律、法规和国务院决定禁止的项目不得经营，依法须经批准的项目，经相关部门批准后方可开展经营活动）
东西E全运,商务服务业,50万(元),安全系统监控服务；其他安全保护服务；其他未列明商务服务业（不含需经许可审批的项目）；其他互联网服务（不含需经许可审批的项目）；信息技术咨询服务；其他未列明信息技术服务业（不含需经许可审批的项目）。
D速物流,None,0,None
达方物流,批发业,50万(元),国际货运代理、国内货运代理；国内贸易；经营进出口业务。（法律、行政法规、国务院决定禁止的项目除外，限制的项目须取得许可后方可经营）^普通货运。
大众佐川急便,道路运输业,-,其他仓储业（不含原油、成品油仓储、燃气仓储、危险品仓储）;道路货物运输;
德方物流,道路运输业,714万(元),物流事务代理，普通货物运输；货物装卸、仓储服务（除危险品）；物流信息咨询，车辆事务代理，电子商务技术服务，汽车技术服务，汽车配件、建材、五金交电、水暖电器销售，室内外装璜安装。（依法须经批准的项目，经相关部门批准后方可开展经营活动）
多道供应链,None,0,None
德中快递,商务服务业,50万(元),安全系统监控服务；其他安全保护服务；其他未列明商务服务业（不含需经许可审批的项目）；其他互联网服务（不含需经许可审批的项目）；信息技术咨询服务；其他未列明信息技术服务业（不含需经许可审批的项目）。
德坤物流,None,0,None
达速物流,邮政业,101万(元),道路货物运输（不含危险货物运输）；快递服务；远洋货物运输；沿海货物运输；内河货物运输；货运港口货物装卸、仓储服务；航空货物运输；铁路货物运输；其他仓储业（不含需经许可审批的项目）；其他航空运输辅助活动；国内货运代理；其他未列明运输代理业务（不含须经许可审批的事项）；机械设备仓储服务；其他农产品仓储；信息技术咨询服务；其他未列明信息技术服务业（不含需经许可审批的项目）；其他未列明服务业（不含需经许可审批的项目）；包装服务；经营各类商品和技术的进出口（不另附进出口商品目录），但国家限定公司经营或禁止进出口的商品及技术除外。
德豪驿,橡胶和塑料制品业,"17,500万(美元)",1、生产、加工制造轮胎内胎、轮胎外胎、人力车内外胎、子午线轮胎；再生胶、胶料、胶带及其他橡胶制品；橡胶机械、模具及其配件；上述所有产品的进出口、零售和批发业务（以上商品不涉及国营贸易管理商品，涉及配额、许可证管理商品的，按国家有关规定办理申请）。2、新产品、新工艺、新机电设备、新技术的研究与开发。
DHL Paket,None,0,None
德国云快递,None,0,None
递五方云仓,装卸搬运和仓储业,"10,000万(元)",仓储服务（不含危险化学品）；家庭服务；租赁机械设备；企业形象策划；设计、制作、代理、发布广告；技术推广、技术服务；会议服务；承办展览展示；组织文化艺术交流活动（不含演出）；国际航空货运代理；经济贸易咨询；货物进出口、技术进出口、代理进出口；销售日用品、五金、建筑材料（不含砂石及砂石制品）、汽车配件、机械设备、针纺织品、服装鞋帽、电子产品；普通货运。（企业依法自主选择经营项目，开展经营活动；道路货物运输以及依法须经批准的项目，经相关部门批准后依批准的内容开展经营活动；不得从事本市产业政策禁止和限制类项目的经营活动。）
递五方云仓,None,0,None
db-station,None,0,None
大道物流,多式联运和运输代理业,"1,000万(元)",物流信息咨询；日用百货、五金、通用设备、家用电器、文具用品批零兼营；厂房租赁；物业管理。（涉及许可经营项目，应取得相关部门许可后方可经营）
德尚国际速递,纺织服装、服饰业,10万(元),毛巾加工。
德国 EUC POST,None,0,None
丹鸟,道路运输业,"2,252.7007万(元)",国内快递（邮政专营业务除外；经营地域：杭州、宁波、温州、嘉兴、绍兴、金华、衢州、丽水、台州、舟山）(上述经营范围应在批准的有效期内方可经营) 货运：普通货运；站场：货运站（场）经营（货运代理）（凭有效许可证经营）；服务：物流技术、信息技术的技术开发，供应链管理及咨询，货物进出口（国家法律、行政法规规定禁止经营的项目除外，法律、行政法规规定限制经营的项目取得许可证后方可经营），仓储（除化学危险品及易制毒化学品）。（依法须经批准的项目，经相关部门批准后方可开展经营活动）
大马鹿,None,0,None
EU-EXPRESS,None,0,None
EMS快递查询,None,0,None
EU-EXPRESS,None,0,None
EMS快递查询,None,0,None
EMS国际快递查询,None,0,None
俄顺达,多式联运和运输代理业,100万(元),道路货运代理；包装服务（不含气体包装）；经济贸易咨询。（企业依法自主选择经营项目，开展经营活动；依法须经批准的项目，经相关部门批准后依批准的内容开展经营活动；不得从事本市产业政策禁止和限制类项目的经营活动。）
EWE全球快递,软件和信息技术服务业,50万(元),技术开发、技术转让、技术咨询、技术服务；计算机系统服务；基础软件服务、应用软件服务；经济贸易咨询；企业管理；市场调查；企业策划、设计。（企业依法自主选择经营项目，开展经营活动；依法须经批准的项目，经相关部门批准后依批准的内容开展经营活动；不得从事本市产业政策禁止和限制类项目的经营活动。）
EASYEXPRESS国际速递,None,0,None
e直运,商务服务业,"200,000万(元)",投资兴办实业（具体项目另行申报）；市场营销策划、投资咨询及其它信息咨询（不含人才中介服务、证券及限制项目）；供应链管理；资产管理、资本管理、投资管理（不得从事信托、金融资产管理、证券资产管理等业务）。^
E跨通,货币金融服务,"1,142,489.4787万(元)",办理人民币存、贷、结算、汇兑业务；人民币票据承兑和贴现；各项信托业务；经监管机构批准发行或买卖人民币有价证券；外汇存款、汇款；境内境外借款；在境内境外发行或代理发行外币有价证券；贸易、非贸易结算；外币票据的承兑和贴现；外汇放款；代客买卖外汇及外币有价证券，自营外汇买卖；资信调查、咨询、见证业务；保险兼业代理业务；黄金进口业务；经有关监管机构批准或允许的其他业务。(《保险兼业代理业务许可证》有效期限至2015年5月1日)
E速达,多式联运和运输代理业,"2,500,000万(元)",国际、国内邮件寄递业务；国内快递、国际快递（有效期至2020年03月31日）；普通货运；广告业务；国际货运代理；货物仓储；信息处理；代客报关；邮购、电子销售；冷链服务；动产质押管理服务；供应链管理；载运海关监管货物；家用电器、办公用品、日用品、文体、集邮用品的销售； 实业投资；信息技术咨询；国际航线或者香港、澳门、台湾地区航线的航空货运销售代理业务（危险品除外）；国内航线除香港、澳门、台湾地区航线外的航空货运销售代理业务（危险品除外）；出租商业用房、出租办公用房；仓储服务、装卸服务、运输代理服务、大型物件运输（限外埠分支机构经营）；销售食品；危险货物运输（限廊坊市物流分公司经营）。（企业依法自主选择经营项目，开展经营活动；销售食品以及依法须经批准的项目，经相关部门批准后依批准的内容开展经营活动；不得从事本市产业政策禁止和限制类项目的经营活动。）
EFS（平安快递）,None,0,None
FedEx快递查询,None,0,None
FedEx美国,None,0,None
FedEx快递查询,None,0,None
FedEx美国,None,0,None
FedEx英国,None,0,None
FOX国际速递,None,0,None
飞豹快递,邮政业,50万(元),国内快递（邮政企业专营除外）（许可证有效期至2021年02月19日止）(有效期限以许可证为准)。(依法须经批准的项目，经相关部门批准后方可开展经营活动)。
泛捷国际速递,None,0,None
番薯国际货运,多式联运和运输代理业,50万(元),海上、航空、陆路国际货运代理；国内货运代理；物流信息咨询；供应链管理；国内贸易，货物及技术进出口。(法律、行政法规、国务院决定规定在登记前须经批准的项目除外） ^普通货运。
颿达国际快递,None,0,None
飞力士物流,批发业,"1,000万(元)",一般经营项目是：国内货运代理、国际陆路货运代理；国内贸易，货物及技术进出口（法律、行政法规、国务院决定禁止的项目除外，限制的项目须取得许可后方可经营）。，许可经营项目是：普通货运，货物专用运输（集装箱）、货物专用运输；仓储服务。
飞邦快递,科技推广和应用服务业,"4,134万(元)",技术开发、技术推广、技术转让、技术咨询、技术服务；计算机系统服务；销售计算机、软件及辅助设备、通讯设备、机械设备、自行开发后的产品、安全技术防范产品；会议服务；承办展览展示活动；企业策划；市场调查；第二类增值电信业务中的信息服务业务（不含固定网电话信息服务和互联网信息服务）；专业承包。（企业依法自主选择经营项目，开展经营活动；依法须经批准的项目，经相关部门批准后依批准的内容开展经营活动；不得从事本市产业政策禁止和限制类项目的经营活动。）
丰程物流,多式联运和运输代理业,250万(元),货运代理，物流信息咨询服务，装卸服务，仓储服务，快递服务，普通货物运输，汽车租赁，企业管理咨询服务，销售：预包装食品。（依法须经批准的项目，经相关部门批准后方可开展经营活动）。
泛远国际物流,多式联运和运输代理业,"4,312.2844万(元)","服务：国际快递（邮政企业专营业务除外），国内快递（邮政企业专营业务除外）。服务：货运：普通货运；站场：货运站（场）经营（货运代理、仓储代理），国际海上运输业务及海运辅助业务（无船承运业务），海上、航空、陆路国际货运代理（经营项目包括揽货、托运、定舱、仓储中转、集装箱拼装拆箱、结算运杂费、报关、报验、保险、相关短途运输、运输咨询、多式联运）,仓储管理，纸盒纸箱包装，塑料制品包装。其他无需报经审批的一切合法项目。（依法须经批准的项目，经相关部门批准后方可开展经营活动）"
疯狂快递,软件和信息技术服务业,100万(元),计算机软件的开发与销售；信息系统集成服务；信息技术咨询服务；数据库管理；数据库服务；集成电路设计；数字动漫设计；游戏软件设计；网络技术的研发;计算机技术开发、技术服务；计算机批发；计算机零配件批发。^
法翔速运,多式联运和运输代理业,10万(元),国际货运代理；国内陆路货运代理，国内贸易，货物及技术进出口；搬运装卸服务；^仓储服务。
富腾达快递,None,0,None
方舟国际速递,商务服务业,"1,000万(元)",对农业、工业、商业、建筑业、科研技术服务业、交通运输业、房地产业、居民服务业、能源开发项目、教育文化广播业的投资；商务管理咨询服务；企业管理咨询；房屋租赁；资产管理、投资管理（以上均不含期货、证券、金融信息咨询）。（依法须经批准的项目，经相关部门批准后方可开展经营活动）
飞云快递系统,None,0,None
锋鸟物流,零售业,200万(元),许可项目：仓储服务，国际货物运输代理，货物进出口，技术进出口，进出口代理，各类工程建设活动，食品经营，农药批发（依法须经批准的项目，经相关部门批准后方可开展经营活动，具体经营项目以审批结果为准） 一般项目：网络与信息安全软件开发，软件开发，信息系统运行维护服务，计算机及办公设备维修，计算机软硬件及辅助设备批发，文具用品批发，社会经济咨询服务，组织文化艺术交流活动，文艺创作，会议及展览服务，婚庆礼仪服务，摄影扩印服务，礼仪服务，信息咨询服务（不含许可类信息咨询服务），文化用品设备出租，图文设计制作，专业设计服务，广告设计、制作、代理，针纺织品批发，针纺织品零售，服装服饰批发，服装服饰零售，鞋帽批发，鞋帽零售，日用品零售，化妆品批发，化妆品零售，钟表零售，眼镜零售，箱包零售，体育用品及器材批发，体育用品及器材零售，珠宝首饰批发，珠宝首饰零售，工艺品及收藏品零售，工艺美术品及收藏品批发，玩具、动漫及游艺用品零售，休闲娱乐用品设备出租，乐器批发，乐器零售，照相器材及望远镜批发，照相器材及望远镜零售，第一类医疗器械零售，橡胶制品批发，肥料批发，农用薄膜批发，化工产品批发（不含危险化学品），国内贸易代理，金属材料批发，农业机械租赁，机械设备批发，自行车及零配件批发，摩托车及零配件批发，汽车及零配件批发，家用电器批发，通讯设备批发，电子元器件批发，仪器仪表批发，办公设备批发，消防器材批发，润滑油零售，畜牧渔业饲料批发（除依法须经批准的项目外，凭营业执照依法自主开展经营活动）
飞洋快递,邮政业,"1,000万(元)",国内快递（邮政企业专营业务除外）（快递业务经营许可证有效期至2020年9月7日）；人力装卸搬运活动（不含危险化学品及易燃易爆品）（依法须经批准的项目，经相关部门批准后方可开展经营活动）。
FedRoad 联邦转运,软件和信息技术服务业,13.33万(元),服务：网络信息技术、计算机软硬件、电子商务技术的技术开发、技术服务、技术咨询、成果转让，物流信息咨询；货物进出口、技术进出口（国家法律、行政法规禁止的项目除外，法律、行政法规限制的项目取得许可证后方可经营）。
GSM,计算机、通信和其他电子设备制造业,"50,300万(元)",一般经营项目是：生产经营桌面通信终端；研究、开发无线设备、手持通信终端、呼叫中心系统、移动数据业务系统、嵌入式操作系统、通信应用软件、无线传输及室内外信号覆盖工程技术、电信增值业务技术;计算机系统集成;销售自行开发的技术成果;相关技术咨询服务。研究、开发手机配件;销售自行开发的技术成果;相关技术咨询服务。货物及技术进出口(不含分销服务和国家专营专控商品)。研制与生产GSM、CDMA手持通信终端。从事南山区高新技术工业园北区T401-0091号宗地的自有物业租赁。电子设备、电子体温枪、体温计、日化用品、防护用品、消毒用品、医用酒精、口罩、护目镜、防护服、医用手套鞋套、医疗机器人、医用无纺布、医用卫生材料、医疗用品及器材的研发、设计、销售；一类医疗器械的研发、销售。（依法须经批准的项目，经相关部门批准后方可开展经营活动），许可经营项目是：一类医疗器械的生产；二类医疗器械、三类医疗器械的研发、设计、销售、生产。
GSM,计算机、通信和其他电子设备制造业,"50,300万(元)",一般经营项目是：生产经营桌面通信终端；研究、开发无线设备、手持通信终端、呼叫中心系统、移动数据业务系统、嵌入式操作系统、通信应用软件、无线传输及室内外信号覆盖工程技术、电信增值业务技术;计算机系统集成;销售自行开发的技术成果;相关技术咨询服务。研究、开发手机配件;销售自行开发的技术成果;相关技术咨询服务。货物及技术进出口(不含分销服务和国家专营专控商品)。研制与生产GSM、CDMA手持通信终端。从事南山区高新技术工业园北区T401-0091号宗地的自有物业租赁。电子设备、电子体温枪、体温计、日化用品、防护用品、消毒用品、医用酒精、口罩、护目镜、防护服、医用手套鞋套、医疗机器人、医用无纺布、医用卫生材料、医疗用品及器材的研发、设计、销售；一类医疗器械的研发、销售。（依法须经批准的项目，经相关部门批准后方可开展经营活动），许可经营项目是：一类医疗器械的生产；二类医疗器械、三类医疗器械的研发、设计、销售、生产。
GATI快递,None,0,None
GTS快递,None,0,None
挂号信/国内邮件,None,0,None
国通快递,邮政业,200万(元),国内快递（邮政企业专营业务除外）（依法须经批准的项目，经相关部门批准后方可开展经营活动）。
港中能达物流,多式联运和运输代理业,"1,900万(元)",普通货运，配载，运输信息咨询，仓储理货，货运代理；代办货物运输、报关、仓储手续；国内、国际快递（邮政企业专营业务除外）；代订飞机、火车、船票；物流相关业务咨询。
港快速递,邮政业,500万(元),省内快递业务;道路货物运输;物流代理服务;道路货物运输代理;仓储代理服务;
共速达,道路运输业,"8,206万(元)",一般经营项目是：物流服务、货物中转、货物联运、货运代办；国内贸易（不含专营、专控、专卖商品）；自有物业租赁、物业管理；有形动产租赁（不含限制项目）；初级农产品的销售；冷藏冷冻农产品销售。，许可经营项目是：提供公众接送服务，从事包车服务运输；零担货物运输（不含危险品）、仓储服务、流通加工、普通货物装卸；普通货物运输、集装箱货物运输（不含危险品）；大型物件运输；货物专用运输（冷藏保鲜）。
GE2D跨境物流,None,0,None
广东诚通物流,多式联运和运输代理业,"2,250万(元)",国际货物运输代理业务（国际快递除外），包括：订舱、托运、仓储、包装；货物的监装、监卸、集装箱拼装拆箱、分拨、中转及相关的短途运输服务；代理报关、报验、报检、保险；缮制有关单证、交付运费、结算及交付杂费；国际展品、私人物品及过境货物运输代理；国际多式联运、集运；咨询及其他国际货运代理业务（需办理其他行政许可的项目获得许可后方可经营）。电子产品、电器机械、普通机械、电子元件、电子计算机及配件、建筑材料（不含钢材）、化工产品（不含化学危险品）、矿产品（不含贵金属矿、铁矿石、铝土矿）、农畜产品（不含国家专营产品）、工艺美术品（不含金首饰、文物）、五金交电、日用百货、纸浆、纸及纸制品、汽车摩托车零配件（不含发动机）的批发及进出口业务（国家限制类、禁止类、有专项规定的产品除外，不涉及国营贸易管理商品，涉及配额、许可证管理商品的，按国家有关规定办理申请）。普通货运，货物专用运输（集装箱），货运站经营（许可证有效期至2015年09月30日）。(依法须经批准的项目，经相关部门批准后方可开展经营活动)
GHT物流,None,0,None
高捷快运,多式联运和运输代理业,-,普通货物托运及货物信息中介
共联配,装卸搬运和仓储业,"1,000万(元)",供应链管理；仓储服务（不含化学危险品）；人力搬运装卸服务；道路普通货运；批发、零售：服装、鞋帽、母婴用品、箱包及其配件、日用品、电子产品；销售：新能源汽车；汽车租赁；软件系统研发、销售。
GTT EXPRESS快递,None,0,None
华宇物流,装卸搬运和仓储业,"88,324.109万(元)",普通货运、物流中心（仓储）、搬运装卸、货运代理（代办）。货物整理、配载、联运服务、其他物流服务、货运信息咨询服务、物流管理咨询服务。办公用品、机械设备、机电设备（除特种设备）、电子产品、通讯产品（除卫星地面接收设备）的销售，汽车租赁、计算机及通讯设备租赁、机械设备租赁。房屋租赁、物业管理。（依法须经批准的项目，经相关部门批准后方可开展经营活动）（依法须经批准的项目，经相关部门批准后方可开展经营活动）
华宇物流,装卸搬运和仓储业,"88,324.109万(元)",普通货运、物流中心（仓储）、搬运装卸、货运代理（代办）。货物整理、配载、联运服务、其他物流服务、货运信息咨询服务、物流管理咨询服务。办公用品、机械设备、机电设备（除特种设备）、电子产品、通讯产品（除卫星地面接收设备）的销售，汽车租赁、计算机及通讯设备租赁、机械设备租赁。房屋租赁、物业管理。（依法须经批准的项目，经相关部门批准后方可开展经营活动）（依法须经批准的项目，经相关部门批准后方可开展经营活动）
恒路物流,商务服务业,"7,200万(元)",一般经营项目是：物流供应链渠道设计、物流方案设计（不含限制项目）；国内、国际货运代理业务；国内贸易（不含专营、专控、专卖商品）；经营进出口业务（法律、行政法规、国务院决定禁止的项目除外，限制的项目须取得许可后方可经营）；仓储服务（法律、行政法规、国务院决定禁止的项目除外，限制的项目须取得许可后方可经营）。，许可经营项目是：普通货运;货物专用运输（集装箱），大型物件运输。
好来运快递,多式联运和运输代理业,1万(元),寄递业务（信件及其他信件性质的物品出外），汽配，服务，零售（涉及行政许可的凭许可证经营）。
环国运物流,道路运输业,"3,500万(元)",一般经营项目是：国内、国际货运代理；从事装卸、搬运业务；供应链管理；物流方案设计；物流信息咨询；仓储服务；搬家服务；投资兴办实业（具体项目另行申报）；国内贸易（不含专营、专卖、专控商品）；计算机软件、信息系统软件的开发、销售；信息系统设计、集成、运行维护；信息技术咨询；汽车租赁（不包括带操作人员的汽车出租）；设备租赁（不配备操作人员的机械设备租赁，不包括金融租赁活动）。，许可经营项目是：普通货运，货物专用运输（集装箱），货物专用运输（罐式），无船承运业务，无车承运业务。
海航天天,邮政业,"5,000万(元)",国内快递（邮政企业专营业务除外），仓储，货运代理，电子商务（不得从事增值电信、金融业务），服装、百货、电子产品、日用品、办公用品销售。 【依法须经批准的项目，经相关部门批准后方可开展经营活动】
華信物流WTO,None,0,None
华企快运,None,0,None
户通物流,装卸搬运和仓储业,"1,000万(元)",普通货物道路运输；物流代理服务；国内货运代理；国际货运代理；通用仓储（不含危险品)；仓储代理服务；供应链管理服务；其他未列明道路运输服务；建材批发；家用视听装备批发；日用家电批发；体育用品及器材批发（不含弩）；户外装备批发；其他未列明的文化娱乐用品批发和进出口；计算机、软件及辅助设备批发；网络与信息安全硬件销售；其他通讯设备批发；其他机械设备及电子产品批发；家用视听设备零售；日用家电零售；体育用品及器材零售（不含弩）；户外装备零售；计算机、软件及辅助设备零售；通信设备零售；其他电子产品零售；家具零售；互联网零售；其他未列明零售业；智能化物流系统服务；物联网技术服务；多媒体设计服务；信息技术咨询服务；其他未列明信息技术服务；智能控制系统集成。（依法须经批准的项目，经相关部门批准后方可开展经营活动）
黄马甲快递,道路运输业,"5,500万(元)",道路普通货物运输；预包装食品、乳制品（不含婴幼儿配方乳粉）的批发兼零售；国内快递（邮政企业专营业务除外）（快递业务经营许可证有效期至2023年08月05日）；电子购物、物流配送（资料、信函、特快专递及危险品除外）；农产品、百货、日用杂品、装饰装潢、建材的销售；广告的设计、制作、代理、开发、发布；计算机网络工程服务；洗涤用品的生产加工、销售。（依法须经批准的项目，经相关部门批准后方可开展经营活动）
合众速递（UCS）,None,0,None
皇家物流,多式联运和运输代理业,"2,500万(元)",一般经营项目是：海上、陆路、航空国际货运代理；国内货运代理；投资兴办实业（具体项目另行申报）；企业管理咨询（不含人才中介服务）；国内贸易，货物及技术进出口；国际物流运营技术研发；物流方案设计；物联网技术研发；物流软件的开发与销售；利用计算机网络管理和运作公司内部物流业务。（法律、行政法规或者国务院决定禁止和规定在登记前须经批准的项目除外），许可经营项目是：普通货运；仓储服务。
猴急送,道路运输业,"1,000万(元)",提供物流信息咨询；国内快递（邮政企业专营业务除外，有效期至2019年12月7日)；邮政代办业务；会议及展览服务；铁路、航空、道路货物运输；装卸搬运、货物仓储、其他仓储服务；预包装食品的批发；国际货运代理；从事货物及技术进出口业务；保税区内商业性简单加工、来料加工；保税区内国际贸易、转口贸易；国际采购、分销和配送；国际中转。（依法须经批准的项目，经相关部门批准后方可开展经营活动）
航宇快递,邮政业,50万(元),寄递服务（信件及具有信件性质的物品除外）；社会经济信息咨询；计算机软硬件的开发及应用
环球速运,商务服务业,500万(元),承办海运、空运、陆运进出口货物国际货运代理业务，包括揽货、订舱、仓储（易燃易爆物品、危险品除外）集装箱拼装拆箱、报关、报检，结算；保险运输信息咨询服务；自营和代理各类商品及技术的进出口业务（国家限定企业经营或禁止进出口的商品及技术除外）【依法须经批准的项目，经相关部门批准后方可开展经营活动。】
航空快递,邮政业,30万(元),航空快递服务（信件及具有信件性质的物品除外）；国内一般贸易（法律、法规禁止的项目除外；法律、法规限制的项目取得许可证后方可经营）（依法须经批准的项目，经相关部门批准后方可开展经营活动。）
好又快物流,道路运输业,"1,000万(元)",道路货物运输代理;国际货运代理;道路货物运输;跨省快递业务;省内快递业务;
韩润物流,道路运输业,200万(元),道路运输站（场）经营；道路货物运输；国内货运代理、物流代理服务（以上二项不含快递业务）；贸易信息咨询服务；技术进出口、货物进出口。（依法须经批准的项目，经相关部门批准后方可开展经营活动）
荷兰 Sky Post ,None,0,None
汇通天下物流,多式联运和运输代理业,"2,000万(元)",一般经营项目是：国际货运代理、国内货运代理业务（法律、行政法规、国务院决定规定需交通行政主管部门审批的，需取得相关批准文件方可经营）；国内贸易；货物及技术进出口。（法律、行政法规、国务院决定规定在登记前须经批准的项目除外） ，报关代理，报检代理.，许可经营项目是：国际快递（邮政企业专营业务除外）；仓储服务。
恒通快递,机动车、电子产品和日用产品修理业,220万(元),国内快递（邮政企业专营业务除外）（快递业务经营许可证 有效期限以许可证为准）。 设计、制作、代理、发布：国内广告业务。 （依法须经批准的项目，经相关部门批准后方可开展经营活动）。
恒宇运通,邮政业,500万(元),国内快递（邮政企业专营业务除外）（邮政管理部门批文有效期至2021年08月25日）；普通货运；普通货运（道路运输经营许可证有效期至2021年01月11日）；技术开发及转让；技术服务；经济贸易咨询；企业管理咨询；策划创意服务。（企业依法自主选择经营项目，开展经营活动；普通货运以及依法须经批准的项目，经相关部门批准后依批准的内容开展经营活动；不得从事本市产业政策禁止和限制类项目的经营活动。）
恒瑞物流,多式联运和运输代理业,100万(元),货物运输代理，无船承运业务，打包服务，展览展示服务，机电设备（除特种设备）安装，仓储设备安装。 【依法须经批准的项目，经相关部门批准后方可开展经营活动】
河南全速通,批发业,"1,185万(元)",供应链管理；电子商务；批发兼零售：电子产品、日用百货、化妆品、服装服饰、箱包、皮革制品、眼镜、金属材料及制品、工艺品（象牙制品除外）、钟表、母婴用品、针纺织品、文具用品、家用电器、五金交电、家具、一类医疗器械；网络技术的技术研发、技术转让、技术咨询、技术服务；从事货物和技术的进出口业务；仓储服务（易燃易爆危险化学品除外）；国际货运代理；代理报关报检，物流信息咨询服务；道路普通货物运输、道路货物专用运输；代理国际快递（邮政企业专营业务除外）。（涉及许可经营项目，应取得相关部门许可后方可经营）
华瀚快递,批发业,-,鞋 批发（依法须经批准的项目，经相关部门批准后方可开展经营活动。）
海淘物流,道路运输业,"1,100万(元)",商品的运输、配送、仓储（危险化学品仓储除外）、包装、搬运装卸、物流信息咨询服务
海沧无忧,科技推广和应用服务业,50万(元),计算机软件技术开发、技术咨询、技术服务、技术转让、技术推广；经济贸易咨询；市场调研；文化艺术交流策划；会议服务；展览展示策划；从事广告业务；电脑图文设计；计算机系统服务。（以上各项法律、行政法规规定禁止的项目除外；法律、行政法规规定限制的项目须取得许可证后方可经营）^
鸿泰物流,多式联运和运输代理业,800万(元),道路普通货物运输；货运站经营（仓储服务、货物中转、货运代理、货运停车场、货运信息配载、综合物流服务）；易燃易爆化学物品除外；房屋租赁；装卸搬运服务；商务信息咨询；企业管理咨询；计算机软硬件开发与销售；设计、制作、代理、发布国内广告业务。涉及许可经营项目，应取得相关部门许可后方可经营
海硕高铁速递,装卸搬运和仓储业,"5,000万(元)",国内快递（邮政企业专营业务除外）；搬运装卸；货运代理；仓储服务；企业管理咨询；商务信息咨询；物流信息服务；设计、制作、代理及发布国内各类广告。（依法须经批准的项目，经相关部门批准后方可开展经营活动）
海联快递,邮政业,100万(元),国内快递（邮政企业专营业务除外）（快递业务经营许可证有效期自2010年10月29日至2020年10月22日）；道路普通货物运输；仓储物流（不含化学危险品）（以上经营范围依法经相关部门批准的项目，经相关部门批准后方可开展经营活动）
海带宝转运,None,0,None
花瓣转运,None,0,None
瀚朝物流,装卸搬运和仓储业,550万(元),道路货物运输（除危险化学品），国际货物运输代理，仓储服务（除危险化学品），供应链管理，搬运服务，装卸服务，包装服务，企业管理咨询，商务咨询，自有汽车租赁，钢材，汽车，汽车配件，汽车用品，机电设备，建筑材料，汽车饰品，汽车美容用品，办公文化用品，电子产品，五金交电，日用百货销售，电子商务（不得从事增值电信、金融业务）。【依法须经批准的项目，经相关部门批准后方可开展经营活动。】
红远物流,道路运输业,200万(元),道路货物运输（依法须经批准的项目，经相关部门批准后方可开展经营活动）
浩博物流,道路运输业,510万(元),普通货运；仓储服务、货运配载、货运代理、搬运装卸、货运信息咨询、包装服务（依法须经批准的项目，经相关部门批准后方可开展经营活动）。
华夏国际速递,商务服务业,"1,000万(元)",对农业、工业、商业、建筑业、科研技术服务业、交通运输业、房地产业、居民服务业、能源开发项目、教育文化广播业的投资；商务管理咨询服务；企业管理咨询；房屋租赁；资产管理、投资管理（以上均不含期货、证券、金融信息咨询）。（依法须经批准的项目，经相关部门批准后方可开展经营活动）
黑猫宅急便,道路运输业,500万(元),海上、陆路、航空国际货物运输代理业务；普通货运。^
海信物流,多式联运和运输代理业,500万(元),仓储服务、货物配送、货物包装、物流服务；公路货代、海运及空运的国际货运代理业务；堆场业务；汽车零配件的销售；经营进出口业务；在深圳市各口岸或深圳市各海关监管业务集中地从事报关业务。普通货运、货物专用运输（集装箱）。
货运皇国际物流,None,0,None
红背心,科技推广和应用服务业,500万(元),技术推广；经济贸易咨询；市场调查；承办展览展示；会议服务；家庭劳务服务；销售家用电器、电子产品、五金交电、建筑材料、机械设备、专用设备、汽车配件；维修家用电器；装卸服务；搬运服务；仓储服务；分批包装；配送服务；维修家具；软件开发；专业承包。（企业依法自主选择经营项目，开展经营活动；依法须经批准的项目，经相关部门批准后依批准的内容开展经营活动；不得从事本区产业政策禁止和限制类项目的经营活动。）
皇家云仓,商务服务业,"2,000万(元)",以自有资产投资及咨询；投资管理（不含金融、证券、期货、理财、不得集资）。(依法须经批准的项目，经相关部门批准后方可开展经营活动)
翰丰快递,道路运输业,700万(元),国内快递（邮政企业专营业务除外）；仓储服务（不含化学危险品）、货运代理；礼仪服务（依法须经批准的项目，经相关部门批准后方可开展经营活动）
华欣物流,装卸搬运和仓储业,"3,000万(元)",普通货运、货物专用运输（冷藏保鲜）（道路运输经营许可证有效期至2023年03月06日）；货运代理；仓储服务；机械设备租赁；销售包装材料、纸制品、机械设备、日用百货、汽车；汽车租赁（不含九座以上客车）。（依法须经批准的项目，经相关部门批准后依批准的内容开展经营活动）
环球快运,道路运输业,"3,000万(元)",票务代理；航空货运代理；货运信息咨询服务；货运站场服务；文化旅游产品及文化旅游景点（园区）建设、运营；文化艺术交流活动的组织、策划；设计、制作、代理、发布广告；微电影、影视剧、短视频、舞台剧拍摄、编排制作及演出活动；礼仪服务；翻译服务；会务服务；汽车租赁；展览展示服务；电脑图文设计、制作；艺术品交易；农副产品、工艺品开发、销售及互联网销售；互联网信息咨询（不得从事互联网金融业务）。（依法须经批准的项目，经相关部门批准后方可开展经营活动）
环旅快运,道路运输业,"3,000万(元)",票务代理；航空货运代理；货运信息咨询服务；货运站场服务；文化旅游产品及文化旅游景点（园区）建设、运营；文化艺术交流活动的组织、策划；设计、制作、代理、发布广告；微电影、影视剧、短视频、舞台剧拍摄、编排制作及演出活动；礼仪服务；翻译服务；会务服务；汽车租赁；展览展示服务；电脑图文设计、制作；艺术品交易；农副产品、工艺品开发、销售及互联网销售；互联网信息咨询（不得从事互联网金融业务）。（依法须经批准的项目，经相关部门批准后方可开展经营活动）
华夏货运,道路运输业,830.78万(元),道路货物运输（不含危险货物运输）；从事报关业务；从事报检业务；快递服务；无船承运业务；航空货物运输；国际货运代理；国内货运代理；其他未列明运输代理业务（不含须经许可审批的事项）；其他未列明商务服务业（不含需经许可审批的项目）；其他道路运输辅助活动(不含须经审批许可的项目)；其他仓储业（不含需经许可审批的项目）；其他航空运输辅助活动；装卸搬运。
佳怡物流,铁路运输业,"2,000万(元)",除危险货物运输以外的其它道路货物运输；货物中转、货物联运（有效期以许可证为准）；物流软件开发；人力资源服务（不含劳务派遣）；教育咨询（不含办学、家教、培训）；搬运设备制造；物业管理；房屋租赁（不含融资性租赁）；会议及展览服务；信息系统集成服务；计算机信息技术咨询服务；技术服务、技术开发、技术咨询、技术转让、技术推广；物联网技术服务；科技中介服务；节能技术推广服务；企业管理咨询；社会经济咨询（不含投资咨询及中介）；工程项目管理；软件开发；财务咨询；代理记账；企业形象策划；市场营销策划；市场调查；商务代理代办服务；礼仪服务；家政服务；国际货运代理；仓储服务（不含易燃易爆、危险化学品、易制毒品）；互联网平台技术开发；消防技术服务；文化交流活动的组织与策划；企业营销策划以及其他按法律、法规、国务院决定等规定未禁止和不需经营许可的项目。（依法须经批准的项目，经相关部门批准后方可开展经营活动）
加运美快递,多式联运和运输代理业,50万(元),一般经营项目是：货运代理；货物代办服务及货运相关信息咨询。（法律、行政法规、国务院决定规定在登记前须经批准的项目除外），许可经营项目是：普通货运；国内快递。
急先达物流,航空运输业,"1,000万(元)",兴办实业（具体项目另行审批）；仓储服务（仓储地点执照另办）；国内货运代理业务（法律、行政法规或国务院决定规定需交通行政主管部门审批的，需取得相关批准文件后方可经营）；网上销售服装、鞋包、床品、配饰、化妆品、电器、数码产品。^普通货运（凭粤交运管许可深字440300059650号道路运输经营许可证经营，有效期至2016年1月10日）。
京广速递,邮政业,100万(元),国内快递（邮政企业专营业务除外)；普通货运（不含危险货物)）；国内货运代办服务。
京东物流,装卸搬运和仓储业,500万(元),仓储服务（不含危险化学品）；国内、国际道路货运代理；包装服务；装卸服务；信息咨询（不含中介服务）；软件开发；技术推广、技术服务；专业承包、劳务分包、施工总承包；接受委托提供劳务服务（不含排队服务、对外劳务合作）；物业管理；酒店管理；餐饮管理；销售五金、汽车配件、机械设备、矿产品、建筑材料（不含砂石及砂石制品）、装饰材料、家具、服装鞋帽、化工产品（不含危险化学品及一类易制毒化学品）、消防器材、矿产品；租赁机械设备；维修机械设备（不含特种设备）；货物进出口、技术进出口、代理进出口；道路货物运输。（企业依法自主选择经营项目，开展经营活动；依法须经批准的项目，经相关部门批准后依批准的内容开展经营活动；不得从事本市产业政策禁止和限制类项目的经营活动。）
久易快递,商务服务业,50万(元),安全系统监控服务；其他安全保护服务；其他未列明商务服务业（不含需经许可审批的项目）；其他互联网服务（不含需经许可审批的项目）；信息技术咨询服务；其他未列明信息技术服务业（不含需经许可审批的项目）。
九曳供应链,商务服务业,333.7607万(元),供应链管理，仓储服务（除危险化学品），货运代理（除危险化学品），搬运装卸服务，企业管理咨询，计算机软硬件开发，计算机系统集成，计算机专业领域内的技术咨询、技术服务、技术开发、技术转让，从事货物及技术的进出口业务，道路货物运输。 【依法须经批准的项目，经相关部门批准后方可开展经营活动】
佳家通,商务服务业,100万(元),供应链管理；货运代理（凭有效许可证核定的经营范围及有效期限经营）；仓储服务（易燃易爆及危险化学品贮藏除外）。
锦程国际物流,多式联运和运输代理业,"100,000万(元)",承办海运、空运进出口货物的国际运输代理业务、揽物、订舱、仓储、中转、集装箱拼装拆箱、结算、运杂费、报关、报验、保险、相关的短途运输服务及咨询业务；计算机网络技术服务（许可范围内）；因特网经济信息咨询；办理国际、国内快递（信件及其他具有信件性质的物品除外）业务；无船承运业务；国内一般贸易、货物、技术进出口；经济信息咨询。（依法须经批准的项目，经相关部门批准后，方可开展经营活动）
景光物流,道路运输业,200万(元),一般经营项目是：国内货运代理；国内贸易，货物及技术进出口。(以上均不含法律、行政法规、国务院决定规定需前置审批和禁止的项目)，许可经营项目是：普通货运
嘉里大通,多式联运和运输代理业,"27,000万(元)",国内快递（信件除外）（快递业务经营许可证有效期至2019年12月29日）；国际流通物流业务：进出口业务及相关服务，包括自营或代理货物的进口、出口业务，接受委托为出口加工企业提供代理进出口业务；提供海运、空运、陆运进出口货物、国际展品、私人物品及过境货物的国际货物运输代理业务，包括：订舱（含租船、包舱、包机）、托运；货物的监装、装卸、集装箱拼装拆箱、分拨、中转；代理报关、报验、报检、保险；缮制有关单证、交付运费、结算及交付杂费；国际多式联运、集运（含集装箱拼箱）；无船承运业务；国际快递（邮政企业专营业务除外）（以快递业务经营许可证内容为准）。第三方物流业务：普通货运、货物专用运输（集装箱，冷藏保鲜）、大件运输；仓储、装卸、加工、包装、配送及相关信息处理服务和有关咨询业务；国内货运代理业务；海关预归类服务。（普通货运，货物专用运输（集装箱，冷藏保鲜），大件运输以及依法须经批准的项目，经相关部门批准后依批准的内容开展经营活动。）
佳成快递,邮政业,50万(元),国内快递（邮政企业专营业务除外）。（凭有效许可证经营）
锦程快递,邮政业,50万(元),省内异地快递（邮政企业专营业务除外）（《快递业务经营许可证》有效期至2022年07月19日）
捷安达国际速递,None,0,None
家家通快递,科技推广和应用服务业,"4,134万(元)",技术开发、技术推广、技术转让、技术咨询、技术服务；计算机系统服务；销售计算机、软件及辅助设备、通讯设备、机械设备、自行开发后的产品、安全技术防范产品；会议服务；承办展览展示活动；企业策划；市场调查；第二类增值电信业务中的信息服务业务（不含固定网电话信息服务和互联网信息服务）；专业承包。（企业依法自主选择经营项目，开展经营活动；依法须经批准的项目，经相关部门批准后依批准的内容开展经营活动；不得从事本市产业政策禁止和限制类项目的经营活动。）
吉祥邮（澳洲）,None,0,None
吉祥邮（澳洲）,None,0,None
极地快递,娱乐业,3万(元),法律、法规禁止的，不得经营；应经审批的，未获审批前不得经营；法律、法规未规定审批的，企业自主选择经营项目，开展经营活动。
加州猫速递,None,0,None
捷邦物流,道路运输业,"1,180万(元)",普通货运、配载、仓储理货、货运代理；国内快递；国际快递；销售五金产品、日用百货、办公用品、家用电器、装饰建筑材料。
集先锋速递,零售业,1万(元),代办电信业务、移动手机业务、手机零售(依法须经批准的项目，经相关部门批准后方可开展经营活动)
嘉诚速达,道路运输业,200万(元),普通货运；仓储服务；货物配送；货运代理（不含国内船舶代理及水路客货运代理）。（依法须经批准的项目，经相关部门批准后方可开展经营活动）
景顺物流,多式联运和运输代理业,"1,200万(元)",国际陆路货物运输代理业务（包括报关、报验）；社会经济咨询，国内一般贸易，货物进出口；普通货物仓储；船舶代理，客货运输代理；企业后勤管理服务；受托资产管理，企业管理咨询服务；化工产品（不含化学危险品）批发兼零售。（法律、行政法规禁止的项目除外，法律、行政法规限制的项目取得许可后方可经营）（依法须经批准的项目，经相关部门批准后方可开展经营活动。）
加拿大联通快运,None,0,None
柬埔寨中通,None,0,None
嘉荣物流,装卸搬运和仓储业,500万(元),仓储服务；货运代理；分批包装；配送服务；信息咨询（中介除外）；普通货运（企业依法自主选择经营项目，开展经营活动；普通货运以及依法须经批准的项目，经相关部门批准后依批准的内容开展经营活动；不得从事本市产业政策禁止和限制类项目的经营活动。）
聚盟共建,专业技术服务业,"4,500万(元)",信息科技、计算机软硬件、网络系统、电子产品、通讯设备技术领域内的技术开发、技术转让、技术咨询、技术服务；电子商务平台的技术开发；道路普通货物运输；仓储服务（除食品、危险化学品）、装卸服务；国内货运代理；承办海运、空运、陆运的国际货运代理，包括：揽货、托运、订舱、仓储、中转、集装箱拼装拆箱、结算运杂费、报关、报验、保险、相关的运输咨询服务；会务服务；企业营销策划、文化艺术交流活动策划、公关活动组织策划；商务信息咨询（不含行政许可项目）、企业管理咨询、市场信息咨询与调查（不得从事社会调查、社会调研、民意调查、民意测验）；电器上门安装与上门维修，电脑上门维修；销售汽车及零配件；房屋租赁中介；增值电信业务（凭许可证核定内容经营）；国内贸易代理。（前述经营项目中法律、行政法规规定前置许可经营、限制经营、禁止经营的除外）（依法须经批准的项目，经相关部门批准后方可开展经营活动）
极兔速递,专业技术服务业,"1,000万(元)",物流专业领域内的技术研究，货物运输代理，搬运装卸服务，仓储服务（除危险化学品），计算机软件开发，普通货运，国内快递（邮政企业专营业务除外），投资管理，投资咨询，商务咨询，企业管理咨询，电子商务（不得从事增值电信、金融业务），展览展示服务，室内外装潢及设计，销售计算机、软件及辅助设备、电子产品及配件、电脑耗材、五金交电、家用电器、办公用品、日用百货、工艺礼品（象牙及其制品除外）、服装鞋帽、建筑材料，以下经营范围限分支机构经营：站场：货运站（场）经营（货运代理）。 【依法须经批准的项目，经相关部门批准后方可开展经营活动】
跨越速运,道路运输业,"46,761.7489万(元)",一般经营项目是：国内货运代理；货物运输信息咨询；海上、陆路、航空国际货运代理业务；提供装卸搬运服务；汽车租赁（不配备操作人员的租赁，不包括金融租赁活动）；计算机软硬件开发与销售；国内贸易；货物及技术进出口。（以上均不含法律、行政法规、国务院决定规定须经批准的项目），许可经营项目是：国内快递，普通货运，货物专用运输（集装箱）；货物专用运输（冷藏保鲜）； 停车场经营；仓储服务、从事广告业务。
快达物流,装卸搬运和仓储业,100万(元),普通货运；仓储（化学危险品及易制毒品除外）；国内货运代理；搬倒装卸服务；货物专用运输（集装箱、冷藏保鲜）。（依法须经批准的项目，经相关部门批准后方可开展经营活动）
跨越速运,道路运输业,"46,761.7489万(元)",一般经营项目是：国内货运代理；货物运输信息咨询；海上、陆路、航空国际货运代理业务；提供装卸搬运服务；汽车租赁（不配备操作人员的租赁，不包括金融租赁活动）；计算机软硬件开发与销售；国内贸易；货物及技术进出口。（以上均不含法律、行政法规、国务院决定规定须经批准的项目），许可经营项目是：国内快递，普通货运，货物专用运输（集装箱）；货物专用运输（冷藏保鲜）； 停车场经营；仓储服务、从事广告业务。
快达物流,装卸搬运和仓储业,100万(元),普通货运；仓储（化学危险品及易制毒品除外）；国内货运代理；搬倒装卸服务；货物专用运输（集装箱、冷藏保鲜）。（依法须经批准的项目，经相关部门批准后方可开展经营活动）
开心快递,邮政业,50万(元),国内快递（邮政企业专营业务除外）（依法须经批准的项目，经相关部门批准后方可开展经营活动。）
快速递,多式联运和运输代理业,50万(元),货物运输代理;国际货运代理;打包、装卸、运输全套服务代理;物流代理服务;仓储代理服务;其他仓储业（不含原油、成品油仓储、燃气仓储、危险品仓储）;管道运输业;航空运输货物打包服务;船舶代理;邮政代办业务;票务服务;商品零售贸易（许可审批类商品除外）;商品批发贸易（许可审批类商品除外）;
快服务,科技推广和应用服务业,284.5733万(元),技术开发、技术转让、技术咨询、技术服务；经济贸易咨询；基础软件服务；应用软件服务（不含医用软件）；汽车租赁（不含九座以上客车）；货运代理；销售日用品、通讯设备、五金交电、文具用品、体育用品、机械设备、电子产品、计算机、软件及辅助设备、珠宝首饰、家用电器、家具、建筑材料、汽车零配件、针纺织品、服装；货物专用运输（冷藏保鲜）（道路运输经营许可证有效期至2021年12月19日）。（企业依法自主选择经营项目，开展经营活动；依法须经批准的项目，经相关部门批准后依批准的内容开展经营活动；不得从事本市产业政策禁止和限制类项目的经营活动。）
快8速运,电气机械和器材制造业,"657,719.6909万(元)",生产经营家用电器、电机及其零部件；中央空调、采暖设备、通风设备、热泵设备、照明设备、燃气设备、压缩机及相关通用设备、专用设备、家用空调设备及其零部件的研发、制造、销售、安装、维修及售后服务；从事家用电器、家电原材料及零配件的进出口、批发及加工业务（不设店铺，不涉及国营贸易管理商品，涉及配额、许可证管理商品的按国家规定办理）；信息技术服务；为企业提供投资顾问及管理服务；计算机软件、硬件开发；家电产品的安装、维修及售后服务；工业产品设计；酒店管理；广告代理；物业管理；企业所需的工程和技术研究、开发及其销售和推广；对金融业进行投资。（经营范围涉及行政许可的项目须凭有效许可证或批准证明经营）(依法须经批准的项目，经相关部门批准后方可开展经营活动)
联昊通物流,多式联运和运输代理业,550万(元),国际货运代理、国内货运代理（法律、行政法规、国务院决定规定需要交通部门审批的，须取得有关批准文件后方可经营）；国内贸易(不含法律、行政法规、国务院决定规定须前置审批项目及国家禁止项目）^仓储；短途运输信息咨询（不含国家限制项目）；国内快递（邮政企业专营业务除外）；普通货运。
乐天速递,邮政业,500万(元),国内快递（邮政企业专营业务除外）；国内货物运输代理；国际货物运输代理。 【依法须经批准的项目，经相关部门批准后方可开展经营活动】
乐递供应链,多式联运和运输代理业,500万(元),一般经营项目是：供应链管理；物流方案设计；搬运装卸服务；仓储服务；代办报关业务；国内外货运代理；信息咨询；国内贸易；经营进出口业务。（以上各项涉及法律、行政法规、国务院决定禁止的项目除外，限制的项目须取得许可后方可经营）。，许可经营项目是：
论道国际物流,多式联运和运输代理业,500万(元),货物进出口、技术进出口、代理进出口(不含国家禁止或限制进出口的货物或技术)；报关报检服务；供应链管理设计及咨询；仓储服务（不含危险品）；货运代理；普通货物运输(不含危险品）；装卸服务；产品外包装服务；软件开发；网页设计；计算机系统集成；家用电器、汽摩配件、办公用品、电子产品、五金交电、日用百货、预包装食品兼散装食品、保健食品、药品、酒水、饮料（凭许可证在核定期限内经营）的批发兼零售及网上销售；商务信息咨询（不含商务调查）；广告设计、发布；增值电信业务（凭许可证在核定期限内经营）。（依法须经审批的项目，经相关部门审批后方可开展经营活动）
林安物流,None,0,None
6LS EXPRESS,None,0,None
联运通物流,邮政业,"5,000万(元)",国际货运代理；从事国内航线的航空货运销售代理业务；从事国际航线或者香港、澳门、台湾地区航线的航空货运销售代理业务（危险品除外）；汽车配件的零售；国内贸易；货物及技术进出口（除危险品；法律、行政法规、国务院决定规定需要交通部门审批的，需取得相关批准文件方可经营）；供应链管理；代理报关；代理商检；电子商务平台技术开发；投资实业（具体项目另行申报）；物业管理；危险品运输。普通货运，货物专用运输(集装箱)；货物专业运输（冷藏保鲜）；仓储服务。危险品运输。
蓝天国际航空快递,None,0,None
龙枫国际快递,零售业,805万(元),服装零售；（依法须经批准的项目，经相关部门批准后方可开展经营活动。）
联合快递,居民服务业,"2,050万(元)",国内快递（邮政企业专营业务除外）；仓储服务、货物配送、货运代办、运输信息服务；道路普通货物运输。（依法须经批准的项目，经相关部门批准后方可开展经营活动）
陆本速递 LUBEN EXPRESS,None,0,None
龙邦物流,道路运输业,"1,000万(元)",国内快递（邮政企业专营业务除外）；陆路、海上、航空国际货物运输代理；国内货运代理；计算机软件开发；物流管理顾问服务；物流管理顾问服务；物流信息咨询服务；自有物业租赁。(依法须经批准的项目，经相关部门批准后方可开展经营活动)
联通快递,邮政业,50万(元),国内快递（邮政企业专营业务除外）（有效期至2020年9月8日）（依法须经批准的项目，经相关部门批准后方可开展经营活动）
联合速运,道路运输业,200万(元),普通货运；货物专用运输（集装箱）；国内货运代理；物流信息咨询；装卸服务；仓储服务（不含冷库、不含危险化学品及一类易制毒化学品）；物流设备租赁。（依法须经批准的项目，经相关部门批准后方可开展经营活动）
LUCFLOW EXPRESS,None,0,None
民航快递,邮政业,"26,756万(元)",国内快递（信件除外）（快递业务经营许可证有效期至2020年09月28日）；国际快递（邮政企业专营业务除外）（快递业务经营许可证有效期至2020年09月28日）；普通货运，货物专用运输（冷藏保鲜）；货物进出口代理报关业务；空运货物包装、保税仓储、国际、国内航空客运销售和货运代理业务；五金交电、包装材料的销售；会议服务；经济信息咨询；仓储服务。（企业依法自主选择经营项目，开展经营活动；道路运输经营以及依法须经批准的项目，经相关部门批准后依批准的内容开展经营活动；不得从事本市产业政策禁止和限制类项目的经营活动。）
美国快递,商务服务业,-,从事与隶属外国（地区）企业有关的非营利性业务活动。
美邦国际快递,零售业,805万(元),服装零售；（依法须经批准的项目，经相关部门批准后方可开展经营活动。）
木春货运,装卸搬运和仓储业,"1,000万(元)","承办海运、空运、陆运国际货物运输代理服务；国内货物运输代理服务；物流信息咨询服务；自营和代理各类商品和技术的进出口业务（国家限定企业经营或禁止进出口的商品及技术除外）。（依法须经批准的项目,经相关部门批准后方可开展经营活动）"
美快国际物流,批发业,200万(元),装卸搬运;道路货物运输代理;旅客票务代理;国际货运代理;货物检验代理服务;货物报关代理服务;联合运输代理服务;打包、装卸、运输全套服务代理;物流代理服务;仓储代理服务;服装零售;鞋零售;帽零售;箱、包零售;商品零售贸易（许可审批类商品除外）;互联网商品零售（许可审批类商品除外）;货物进出口（专营专控商品除外）;技术进出口;商品批发贸易（许可审批类商品除外）;国际快递业务;跨省快递业务;省内快递业务;
美通快递,多式联运和运输代理业,100万(元),其他仓储业（不含原油、成品油仓储、燃气仓储、危险品仓储）;装卸搬运;打包、装卸、运输全套服务代理;商品批发贸易（许可审批类商品除外）;省内快递业务;跨省快递业务;
马珂博逻,零售业,"1,725万(元)",电子商务（不得从事增值电信、金融业务），商务咨询，会务服务，展览展示服务，利用自有媒体发布广告，图文设计制作，从事货物进出口及技术进出口业务，针纺织品及原料、服装服饰、鞋帽、工艺品（象牙及其制品除外）、电子产品、家居用品、卫生用品、数码产品、皮革制品、体育用品、办公用品、金属制品、化妆品、家用电器、家具、乐器、照相器材、建材、计算机、软件及辅助设备、二类医疗器械、日用百货的销售，食品销售【商贸企业批发：预包装食品（不含冷藏冷冻食品）】，第二类增值电信业务中的在线数据处理与交易处理业务（仅限经营类电子商务不含互联网金融、网络预约出租汽车服务）。 【依法须经批准的项目，经相关部门批准后方可开展经营活动】
明辉物流,道路运输业,"1,000万(元)",货运经营；普通货物仓储（不含危险化学品）、搬运装卸服务；家用电器销售、安装。（依法须经批准的项目，经相关部门批准后方可开展经营活动。）(依法须经批准的项目，经相关部门批准后方可开展经营活动)
魔速达,软件和信息技术服务业,500万(元),一般经营项目是：网上从事计算机软硬件的技术开发；电子产品、文体用品、日用百货、工艺礼品、玩具、服装服饰、皮革制品、化妆品、办公用品、电脑配件、金属材料的网上销售；供应链管理及相关配套服务；国内、国际货运代理；从事装卸、搬运业务；物流配送信息系统、计算机及网络系统技术开发；物流方案设计；物流信息咨询；经营电子商务；国内贸易（不含专营、专卖、专控商品）；经营进出口业务（法律、行政法规、国务院决定禁止的项目除外，限制的项目须取得许可后方可经营）。，许可经营项目是：
猛犸速递,None,0,None
美泰物流,批发业,100万(元),国内货运代理。^集装箱运输；普通货物运输；仓储服务；国内快递代理。
明达国际速递,多式联运和运输代理业,300万(元),国际货运代理；国内货运代理；物流信息咨询；装卸服务；国内贸易；经营进出口业务。（法律、行政法规、国务院决定禁止的项目除外，限制的项目须取得许可后方可经营）。^速递业务。
明通国际速递,商务服务业,"1,000万(元)",对农业、工业、商业、建筑业、科研技术服务业、交通运输业、房地产业、居民服务业、能源开发项目、教育文化广播业的投资；商务管理咨询服务；企业管理咨询；房屋租赁；资产管理、投资管理（以上均不含期货、证券、金融信息咨询）。（依法须经批准的项目，经相关部门批准后方可开展经营活动）
能达速递,邮政业,50万(元),快递服务，五金交电、日用百货的销售。 【依法须经批准的项目，经相关部门批准后方可开展经营活动】
偌亚奥国际,None,0,None
能达速递,邮政业,50万(元),快递服务，五金交电、日用百货的销售。 【依法须经批准的项目，经相关部门批准后方可开展经营活动】
偌亚奥国际,多式联运和运输代理业,600万(元),一般经营项目是：承办陆运、空运进出口货物、国际展品、私人物品及过境货物的国际运输代理业务，包括：揽货、托运、订舱、仓储中转、集装箱拼装拆箱、结算运杂费、报关、报验、报检、保险、相关的短途运输服务及运输咨询业务，国内货运代理.，许可经营项目是：国际快递；普通货运。
诺尔国际物流,道路运输业,"3,000万(元)",道路货物运输，海上、公路、航空国际货物运输代理，国内货运代理，仓储（除危险品），会展会务服务，展览展示服务，代理报检，服装、箱包、日用百货、五金交电、电子产品、食用农产品的销售，商务咨询，汽车租赁。 【依法须经批准的项目，经相关部门批准后方可开展经营活动】
尼尔快递,邮政业,50万(元),邮政服务（具体经营项目以邮政管理部门审批文件或许可证为准）;省内快递业务;邮政代办业务;道路货物运输代理;
能装能送,机动车、电子产品和日用产品修理业,20万(元),供应链管理、普通货运、企业管理咨询、商品信息咨询、物业管理、清洁服务；家用电器、汽车配件、汽车装具、五金、计算机软硬件及辅助设备、电子产品、通讯设备、文具、日用品、家具、工艺美术品销售；家具安装、入户维修；装饰装修工程设计、施工。（依法须经批准的项目，经相关部门批准后方可开展经营活动）
南方传媒物流,None,0,None
OCS,计算机、通信和其他电子设备制造业,"5,613.49万(元)",研发设计和销售半导体分立器件、电力电子产品、汽车电子产品、自动仪表、电子元件、集成电路和应用软件，提供相关的技术咨询，从事货物及技术的进出口业务，投资咨询业务。 【依法须经批准的项目，经相关部门批准后方可开展经营活动】
欧亚专线,餐饮业,-,餐饮服务
欧洲UEX,None,0,None
PCA Express,None,0,None
平安达腾飞,邮政业,100万(元),一般经营项目是：国内货运代理；国内贸易。（法律、行政法规、国务院决定规定在登记前须批准的项目除外），许可经营项目是：国内快递；普通货运。
品骏快递,多式联运和运输代理业,"4,602.7867万(元)",跨省快递业务;省内快递业务;道路货物运输;广告业;会议及展览服务;邮政代办业务;航空货运代理服务;航空运输货物打包服务;企业管理服务（涉及许可经营项目的除外）;仓储代理服务;市场调研服务;道路货物运输代理;国际货运代理;汽车租赁;
鹏远国际速递,零售业,0.1万(元),百货、烟、酒、副食、糖、零售。
PostElbe,None,0,None
品信快递,娱乐业,500万(元),国内快递（邮政企业专营业务除外）；货物装卸服务；商务信息咨询；企业管理咨询（严禁涉及危险化学品、涉氨制冷业及国家限定违禁管制品）（不得在经开区内从事本区产业政策中限制类、禁止类行业）（依法须经批准的项目，经相关部门批准后方可开展经营活动）
全一快递,None,0,None
秦邦快运,None,0,None
全速通国际快递,None,0,None
秦远物流,None,0,None
启辰国际物流,多式联运和运输代理业,500万(元),海上国际货物运输代理、陆路国际货物运输代理、航空国际货物运输代理，普通货物运输，货物专用运输（集装箱A），货物运输代理，仓储，日用百货、建筑装饰材料、五金交电的销售。 【依法须经批准的项目，经相关部门批准后方可开展经营活动】
千顺快递,邮政业,"1,000万(元)",国内快递。（依法须经批准的项目，经相关部门批准后方可开展经营活动。）
全时速运,道路运输业,50万(元),道路普通货物运输。（凭有效许可证核定的范围和期限经营）
全联速运,None,0,None
青云物流,装卸搬运和仓储业,"5,000万(元)","道路普通货物运输(凭有效许可证经营）；仓储服务（易制毒及危险化学品除外）；搬运服务；装卸服务；货运代理；物流信息咨询；商务信息咨询；计算机系统集成服务；计算机科技领域内的技术开发、技术咨询、技术服务、技术推广；基础软件服务；应用软件服务；设计、制作、代理、发布广告；软件开发；企业管理咨询；物联网科技领域内的技术开发；劳务服务（劳务派遣除外）；国内贸易；自营和代理各类商品和技术的进出口业务；文化艺术交流活动策划。（依法须经批准的项目,经相关部门批准后方可开展经营活动）"
签收快递,零售业,100万(元),销售：预包装食品、服装、鞋帽、五金配件、电子产品、机械配件、灯饰、水暖、建材（不含危险化学品）、金属制品、机电产品、化妆品、箱包、日用百货、针纺织品、玩具、纸尿裤；软件技术开发、技术转让、技术咨询、技术服务；国内货运代理；自营和代理各类商品和技术的进出口，但国家限定公司经营或禁止进出口的商品和技术除外。（依法须经批准的项目，经相关部门批准后方可开展经营活动）
7E速递,None,0,None
全网物流,道路运输业,"1,000万(元)",货运经营；国内货运代理；物流信息咨询、商品流通信息咨询；仓储服务（不含危险化学品）；企业管理信息咨询服务；会议及展览服务；装卸搬运服务；网络技术开发；市场推广服务；企业形象策划服务。（依法须经批准的项目，经相关部门批准后方可开展经营活动。）(依法须经批准的项目，经相关部门批准后方可开展经营活动)
日昱物流,None,0,None
日日顺物流,None,0,None
日日顺快线,None,0,None
容智快运,多式联运和运输代理业,"3,000万(元)",国内货运代理、国际货物运输代理；道路普通货运、道路货物专用运输、道路大型物件运输；国内快递、国际快递（邮政企业专营业务除外）；批发、零售、网上销售：电子产品、服装、农产品、建筑装饰材料；互联网上网服务；货物或技术进出口（国家禁止或涉及行政审批的货物和技术进出口除外）；实业投资；物业管理及代理服务；清洁能源服务；计算机软件开发及维护服务；承接城市基础建设工程。(依法须经批准的项目，经相关部门批准后方可开展经营活动)
日日通国际,None,0,None
睿和泰速运,医药制造业,"8,170.5万(元)",生产销售原料药、包装物品等(依法须经批准的项目，经相关部门批准后方可开展经营活动，有效期以许可证为准)。
日日顺智慧物联,批发业,"3,290.09万(元)",家具、家电、商用电器、计算机及软件、通讯产品(不含无线电发射机地面卫星接收设备)、电子产品（不含电子出版物及游戏机）、家居用品、卫生浴具整机及配件的采购、组装、销售、延保服务、安装调试、维修、咨询、购机咨询服务，建材及建筑设备租赁、室内外装饰装潢工程设计、施工，专业维修人员培训，普通货物运输（依据交通部门核发的《道路运输经营许可证》开展经营活动），国内货物运输代理，仓储服务（不含危险品），装卸搬运服务，国际货运代理，物流方案设计。（依法须经批准的项目，经相关部门批准后方可开展经营活动）
顺丰速运,邮政业,"15,000万(元)",一般经营项目是：国际货运代理；经济技术咨询；技术信息咨询；以特许经营方式从事商业活动；经营进出口业务；机械设备租赁（不配备操作人员的机械设备租赁，不包括金融租赁活动）；汽车租赁（不包括带操作人员的汽车出租）；房屋租赁业务；商务服务、商务代理；过境货物运输代理（国际多式联运）；3C产品检测、维修服务。（法律、行政法规或者国务院决定禁止和规定在登记前须经批准的项目除外），许可经营项目是：国内、国际快递（邮政企业专营业务除外）；普通货运；货物专用运输（集装箱），大型物件运输；仓储服务。
申通快递,装卸搬运和仓储业,"175,000万(元)",国内快递（邮政企业专营业务除外），国际快递（邮政企业专营业务除外），普通货运（除危险化学品），国际、国内货物运输代理（除危险化学品），报关服务，从事货物和技术的进出口业务，仓储服务（除危险化学品），装卸服务，商务信息咨询，室内装潢，设计、制作、代理、发布各类广告，销售纸制品、电子产品。 【依法须经批准的项目，经相关部门批准后方可开展经营活动】
顺丰速运,邮政业,"15,000万(元)",一般经营项目是：国际货运代理；经济技术咨询；技术信息咨询；以特许经营方式从事商业活动；经营进出口业务；机械设备租赁（不配备操作人员的机械设备租赁，不包括金融租赁活动）；汽车租赁（不包括带操作人员的汽车出租）；房屋租赁业务；商务服务、商务代理；过境货物运输代理（国际多式联运）；3C产品检测、维修服务。（法律、行政法规或者国务院决定禁止和规定在登记前须经批准的项目除外），许可经营项目是：国内、国际快递（邮政企业专营业务除外）；普通货运；货物专用运输（集装箱），大型物件运输；仓储服务。
申通快递,装卸搬运和仓储业,"175,000万(元)",国内快递（邮政企业专营业务除外），国际快递（邮政企业专营业务除外），普通货运（除危险化学品），国际、国内货物运输代理（除危险化学品），报关服务，从事货物和技术的进出口业务，仓储服务（除危险化学品），装卸服务，商务信息咨询，室内装潢，设计、制作、代理、发布各类广告，销售纸制品、电子产品。 【依法须经批准的项目，经相关部门批准后方可开展经营活动】
速尔快递,机动车、电子产品和日用产品修理业,"15,503万(元)",国际货运代理，货运代理，进出口贸易，投资管理（不得从事信托、金融资产管理、证券资产管理等业务），企业管理咨询、商务信息咨询（咨询不含证券、保险、基金、金融业务、人才中介服务及其它限制项目），包装材料及用品、服装服饰、鞋帽、百货、文具、工艺品、通信器材的销售。（法律、行政法规、国务院决定禁止的项目除外，限制的项目须取得许可后方可经营）^国际快递、国内快递（邮政企业专营业务除外），仓储服务，装卸服务，普通货运、货物专用运输、大型物件运输。
盛辉物流,道路运输业,"16,000万(元)",普通货运、搬家运输、货物专用运输（集装箱）；客车类、货车类、乘用车类维修（另设分支机构经营）；货运配载；汽车检测、机动车安全检测；仓储服务（不含危险品）；货运代理（不含水路运输代理）；联运、货物包装；物业管理；房屋租赁；汽车租赁；搬运装卸；呼叫中心业务；信息服务业务。（依法须经批准的项目，经相关部门批准后方可开展经营活动）
世运快递,邮政业,500万(元),快递服务、货运代理；网上经营：服装、鞋（不得从事增值电信、金融业务）。（依法须经批准的项目，经相关部门批准后方可开展经营活动）
盛丰物流,道路运输业,"18,965.847万(元)",普通货运、货物专用运输（集装箱）、大型物件运输四类；货物配载、联运服务、货物仓储、车辆委托管理；冷藏车道路运输；低温仓储（不含危险品)；海上、航空、陆路国际货运代理业务（以上运输、仓储项目不包含危险品）；保险代理；自营和代理各类商品和技术的进出口，但国家限定公司经营或禁止进出口的商品和技术除外。（依法须经批准的项目，经相关部门批准后方可开展经营活动）
三态速递,邮政业,500万(元),一般经营项目是：航空、陆路国际货运代理业务（法律法规规定需要交通部门审批的，需取得相关批准文件后方可经营）；经营进出口业务（法律、行政法规、国务院决定禁止的项目除外，限制的项目须取得许可后方可经营）；自有房屋租赁。，许可经营项目是：速递服务（不含私人信函和其他邮政专营业务）；仓储业务。
申通E物流,None,0,None
圣安物流,装卸搬运和仓储业,"1,000万(元)",道路货物运输;装卸搬运;道路货物运输代理;联合运输代理服务;打包、装卸、运输全套服务代理;物流代理服务;仓储代理服务;商品批发贸易（许可审批类商品除外）;商品零售贸易（许可审批类商品除外）;货物进出口（专营专控商品除外）;(依法须经批准的项目，经相关部门批准后方可开展经营活动)
穗佳物流,道路运输业,"3,000万(元)",技术进出口;航空货运代理服务;装卸搬运设备租赁;百货零售（食品零售除外）;家用电器批发;日用器皿及日用杂货批发;货物进出口（专营专控商品除外）;装卸搬运;打包、装卸、运输全套服务代理;物流代理服务;商品批发贸易（许可审批类商品除外）;运输货物打包服务;物业管理;房屋租赁;其他仓储业（不含原油、成品油仓储、燃气仓储、危险品仓储）;仓储代理服务;道路货物运输;人才推荐;劳务派遣服务;人才择业咨询指导;职业信息服务;收集、整理、储存和发布人才、职业供求信息;人才引进
上海林道货运,多式联运和运输代理业,"1,500万(元)",货物运输代理，货物或技术进出口（国家禁止或涉及行政审批的货物和技术进出口除外），商务咨询，仓储（除危险化学品），装卸服务，国内快递（邮政企业专营业务除外）、国际快递，道路货物运输。 【依法须经批准的项目，经相关部门批准后方可开展经营活动】
速舟物流,道路运输业,"1,000万(元)",道路货物运输（普通货物），运输代理服务，展览展示服务，人力装卸服务，仓储服务（除危险品），包装服务，物流信息咨询。 【依法须经批准的项目，经相关部门批准后方可开展经营活动】
顺捷丰达,多式联运和运输代理业,"1,000万(元)",一般经营项目是：国内货运代理；国际货运代理；从事装卸、搬运业务；物流配送信息系统、网络系统的技术开发；供应链管理及相关配套业务；物流方案设计；物流信息咨询、经济信息咨询（不含限制项目）；经营进出口业务（法律、行政法规、国务院决定禁止的项目除外，限制的项目须取得许可后方可经营）；汽车租赁；，许可经营项目是：国内、国际快递（邮政企业专营业务除外）；普通货运；货物专用运输（集装箱）；大型物件运输；仓储服务。
速必达物流,道路运输业,"5,000万(元)",危险品2类1项、危险品3类、危险品6类1项道路运输（凭有效的许可证经营）；普通道路货物运输；货物专用运输（集装箱）；货物专用运输（冷藏保鲜）；货物专用运输（罐式）；货运代理；货运配载；水路运输信息服务；仓储服务（危险化学品除外）；增值电信业务；纺织原料、化纤原料、化纤产品、化工产品（不含危险品）、金属材料、建筑材料销售。（依法须经批准的项目，经相关部门批准后方可开展经营活动）
速腾物流,批发业,"1,000万(元)",国内货运代理；国际货运代理；经济信息咨询（不含限制项目）；国内贸易；电子商务；供应链管理。^普通货运；快递业务；货物专用运输(集装箱)；仓储业务；经营进出口业务。
速方国际物流,多式联运和运输代理业,500万(元),海上国际货物运输代理；公路国际货物运输代理；航空国际货物运输代理；接受委托代办订舱；仓储服务；集装箱拼装、拆箱；报检、报验服务；交付运费、结算、杂费；物流装备信息咨询；商务信息咨询；从事货物进出口及技术进出口业务。 【依法须经批准的项目，经相关部门批准后方可开展经营活动】
速递中国,多式联运和运输代理业,"2,500,000万(元)",国际、国内邮件寄递业务；国内快递、国际快递（有效期至2020年03月31日）；普通货运；广告业务；国际货运代理；货物仓储；信息处理；代客报关；邮购、电子销售；冷链服务；动产质押管理服务；供应链管理；载运海关监管货物；家用电器、办公用品、日用品、文体、集邮用品的销售； 实业投资；信息技术咨询；国际航线或者香港、澳门、台湾地区航线的航空货运销售代理业务（危险品除外）；国内航线除香港、澳门、台湾地区航线外的航空货运销售代理业务（危险品除外）；出租商业用房、出租办公用房；仓储服务、装卸服务、运输代理服务、大型物件运输（限外埠分支机构经营）；销售食品；危险货物运输（限廊坊市物流分公司经营）。（企业依法自主选择经营项目，开展经营活动；销售食品以及依法须经批准的项目，经相关部门批准后依批准的内容开展经营活动；不得从事本市产业政策禁止和限制类项目的经营活动。）
苏宁物流,道路运输业,"699,991.3584万(元)",道路普通货物运输（按《道路运输经营许可证》经营），快递业务（按《道路运输经营许可证》经营）。承办路运货物运输代理；货物配载、仓储、装卸及包装服务；车辆租赁；国内航线除香港、澳门、台湾地区航线除外的航空货运销售代理业务（危险品除外）；经济信息咨询，软件研发，自营各类商品及技术的进出口业务；商务代理。制冷空调设备及家用电器的安装与维修；微型计算机的安装及维修；场地租赁，设计、制作、代理、发布国内各类广告、机械设备租赁、无人机运输和配送。家居、家具、卫生浴具及配件安装服务；房屋装修；搬运装卸服务；停车场经营；承接海运、陆运、空运、进出口货物的国际运输代理业务（国际船舶运输及国际班轮运输代理除外）；货物报关、报检、仓储服务；供应链咨询；动产质押监管；货物专用运输（冷藏保鲜）；冷链物流；冷链技术咨询服务；农副食品初加工；生食、冷食、预包装食品的销售；商品的网上销售；经营增值电信业务。（依法须经批准的项目，经相关部门批准后方可开展经营活动）
顺时达物流,多式联运和运输代理业,100万(元),货运站经营（货物中转、货运代理、货运信息配载）。（许可证有效期至2018年10月21日）
Superb Grace,None,0,None
SQK国际速递,None,0,None
顺士达速运,零售业,100万(元),纺织品、针织品及原料批发;鞋批发;帽批发;化妆品及卫生用品批发;箱、包批发;建材、装饰材料批发;五金产品批发;计算机零配件批发;电子产品批发;贸易代理;货物进出口（专营专控商品除外）;百货零售（食品零售除外）;日用杂品综合零售;纺织品及针织品零售;服装零售;鞋零售;化妆品及卫生用品零售;箱、包零售;电子产品零售;五金零售;软件开发;信息技术咨询服务;贸易咨询服务;企业管理咨询服务;策划创意服务;投资咨询服务;商品信息咨询服务;市场营销策划服务;会议及展览服务;电子、通信与自动控制技术研究、开发;网络技术的研究、开发;计算机技术开发、技术服务;家具批发;灯具、装饰物品批发;宝石饰品批发;汽车零配件批发;
SYNSHIP快递,None,0,None
申通国际,-,-,-
三象速递,道路运输业,-,普通货运（依法须经批准的项目，经相关部门批准后方可开展经营活动）
商桥物流,道路运输业,200万(元),供应链管理、普通货物道路运输、普通货物仓储服务、道路运输货物装卸服务、非住宅租赁代理服务、场地租赁、物流信息综合服务、汽车销售（依法须经批准的项目，经相关部门批准后方可开展经营活动）
速配鸥翼,None,0,None
速派快递,邮政业,200万(元),国内快递（邮政企业专营业务除外）（凭快递业务许可证经营，有效期限以许可证为准），货运代理、物流服务、铁路货物运输代理(依法须经批准的项目，经相关部门批准后方可开展经营活动)。
苏通快运,道路运输业,"1,000万(元)",普通货物道路运输、国内货物运输代理、装卸、搬运服务（不含危险化学品）。（依法须经批准的项目，经相关部门批准后方可开展经营活动）
捎客物流,多式联运和运输代理业,500万(元),一般经营项目是：国内货运代理；国际货运代理；从事装卸业务；物流配送信息系统的技术开发；计算机软件的技术开发；经营进出口业务；供应链管理；物流方案设计；物流信息咨询；信息咨询（不含人才中介、保险、证券、银行业务及其它限制项目）（以上各项涉及法律、行政法规、国务院决定禁止的项目除外，限制的项目须取得许可后方可经营）。，许可经营项目是：
速达通跨境物流,None,0,None
速通物流,道路运输业,"3,000万(元)",道路普通货物运输；货物专用运输（集装箱）；货运代理；仓储服务；物流方案设计服务；企业管理信息咨询服务；包装材料、食品的销售。（依法须经批准的项目，经相关部门批准后方可开展经营活动）
顺达快递,邮政业,100万(元),国内快递（邮政企业专营业务除外）；道路普通货物运输；货物包装、装卸、仓储、配送服务。
顺心捷达,多式联运和运输代理业,200万(元),物流代理服务；普通货物运输；道路货物运输代理；运输货物打包服务；打包、装卸、运输全套服务代理；货物仓储（不含危化品和监控品）；仓储代理服务。（依法须经批准的项目，经相关部门批准后方可开展经营活动）
盛通快递,邮政业,50万(元),国内快递（邮政企业专营业务除外）（有效期至2020年7月25日）。※。（依法须经批准的项目，经相关部门批准后方可开展经营活动）
三真驿道,装卸搬运和仓储业,100万(元),物流服务；道路普通货物运输；货物配送服务；货运信息咨询服务；装卸搬运服务；仓储（不含危险化学品）服务；家政服务；汽车维修服务；汽车租赁；；企业管理；法律咨询服务；互联网信息咨询服务；广告设计、制作、代理、发布；农副产品收购；汽车销售；汽车零配件、日用百货、五金交电、劳保用品、服装、针纺织品、工艺礼品、建材、装饰材料批发、零售；图书零售（依法须经批准的项目，经相关部门批准后方可开展经营活动）
尚途国际货运,None,0,None
上海缤纷物流,装卸搬运和仓储业,"1,000万(元)",道路货物运输，货物运输代理，供应链管理，仓储服务（除危险品），物业管理，食品销售，寄递业务。 【依法须经批准的项目，经相关部门批准后方可开展经营活动】
天天快递,邮政业,"15,072.6436万(元)",国内快递（邮政企业专营业务除外）； 服务：货运：普通货运、站场：货运站（场）经营（货运代理），仓储服务（除化学危险品及易制毒化学品）；网上销售：服装、百货、电子产品、办公用品；服务：海上、航空、陆路国际货运代理；代订火车票、飞机票、船票；服务：平面设计、庆典礼仪服务、企业营销策划、企业形象策划、会务服务、市场营销策划，制作、代理、发布：国内广告（除网络广告发布）、经济信息咨询、数据处理和储存服务；货物进出口（法律、行政法规禁止经营的项目除外，法律、行政法规限制经营的项目取得许可后方可经营）；其他无需报经审批的一切合法项目。
天天快递,邮政业,"15,072.6436万(元)",国内快递（邮政企业专营业务除外）； 服务：货运：普通货运、站场：货运站（场）经营（货运代理），仓储服务（除化学危险品及易制毒化学品）；网上销售：服装、百货、电子产品、办公用品；服务：海上、航空、陆路国际货运代理；代订火车票、飞机票、船票；服务：平面设计、庆典礼仪服务、企业营销策划、企业形象策划、会务服务、市场营销策划，制作、代理、发布：国内广告（除网络广告发布）、经济信息咨询、数据处理和储存服务；货物进出口（法律、行政法规禁止经营的项目除外，法律、行政法规限制经营的项目取得许可后方可经营）；其他无需报经审批的一切合法项目。
TNT快递,None,0,None
天地华宇,商务服务业,"10,000万(元)",供应链管理；货运代理；广告设计、制作、发布；计算机科技领域内的技术咨询、技术开发、技术转让、技术服务；计算机软硬件及周边设备的开发与销售；道路普通货物运输；商务咨询（不含投资咨询）；市场信息咨询及调查（不含投资咨询）；普通机械设备制造；建筑装饰装潢服务；生物质能源的研发及利用；住宿服务；汽车保养服务。（依法须经批准的项目，经相关部门批准后方可开展经营活动）
天美快递,其他制造业,"30,000万(元)",创意服务，生产艺术包装用品（限分支机构经营）及相关产品设计，艺术陶瓷酒瓶的设计及销售，销售包装材料，金属材料及制品（除专控），从事货物及技术的进出口业务，珠宝首饰金银制品，徽章、邮册的设计、销售，国内贸易，市场营销策划，企业形象策划，装潢装饰工程设计，商务信息咨询，自有房屋租赁，餐饮服务 ，物业管理，市场信息咨询与调查（不得从事社会调查、社会调研、民意调查、民意测验），摄影服务，礼仪服务，赛事活动策划，公关活动策划，婚庆礼仪服务，建筑装修装饰建设工程专业施工，从事陶瓷、包装、玻璃、纸张、金属科技领域内的技术开发、技术转让、技术咨询、技术服务，从事日用百货、服装服饰、文化办公用品（纸制品）、包装材料、陶瓷制品、工艺品（象牙及其制品除外）、五金交电、电子产品、计算机软硬件及配件的设计、生产及销售，食品销售，从事塑料制品、金属制品、酒店设备、家具（办公家具、家具用品）、服装服饰、鞋帽、纸制品、五金机械、玻璃制品、各类线带的设计、生产及销售，广告设计、制作、代理、发布，包装设计，包装装潢印刷，其他印刷品印刷 。 【依法须经批准的项目，经相关部门批准后方可开展经营活动】
同舟行物流,多式联运和运输代理业,500万(元),汽车货运代理、仓储服务；货物包装；搬运装卸服务（国家有专项规定的项目经审批后或凭有效的许可证方可经营）；普通货运（经营期限与许可证核定的期限一致）
腾达速递,邮政业,50万(元),国内快递（依法须经批准的项目，经相关部门批准后方可开展经营活动）。
泰国138,None,0,None
通达兴物流,道路运输业,500万(元),国内货物代理、国际货运代理、供应链管理、物流信息咨询；国内贸易，货物及技术进出口。(法律、行政法规、国务院决定规定在经营前须经批准的项目除外）^仓储服务；普通货运。
淘韩国际快递,批发业,-,鞋 批发（依法须经批准的项目，经相关部门批准后方可开展经营活动。）
特急送,道路运输业,100万(元),国内快递（邮政企业专营业务除外）；普通货物运输；小件货物代理（限分支机构经营）；仓储服务（不含易燃易爆易毒危险品）。（依法须经批准的项目，经相关部门批准后方可开展经营活动。）
天天快物流,装卸搬运和仓储业,200万(元),普通货运（凭许可证经营），人工装卸，货运代理，仓储（除危险品），国内快递（邮政企业专营业务除外，凭许可证经营），汽车租赁，物流信息咨询、商务信息咨询（上述咨询均不得从事经纪）。 【依法须经批准的项目，经相关部门批准后方可开展经营活动】
天马迅达,商务服务业,500万(元),网上销售：预包装食品、农副产品、家具、五金交电；提供会展服务；物业管理；经营本企业自有产品的进出口业务。
天翔快递,邮政业,500万(元),国内快递（邮政企业专营业务除外），设计、制作、代理、发布国内各类广告，食品经营，票务代理，商务信息咨询（涉及前置许可的除外）。（依法须经批准的项目，经相关部门批准后方可开展经营活动）
同城快寄,商务服务业,"200,000万(元)",投资兴办实业（具体项目另行申报）；市场营销策划、投资咨询及其它信息咨询（不含人才中介服务、证券及限制项目）；供应链管理；资产管理、资本管理、投资管理（不得从事信托、金融资产管理、证券资产管理等业务）。^
驼峰国际,科技推广和应用服务业,200万(元),航空机票销售代理；技术开发、技术服务、技术咨询、技术转让； 旅游信息咨询；设计、制作、代理、发布广告；承办展览展示；组织文化艺术交流；会议服务；水污染治理；大气污染治理；销售机械设备、电子产品、仪器仪表、针纺织品、金属材料、五金交电、计算机、软件及辅助设备、文化用品、工艺品、日用品、建筑材料。(领取本执照后，应到中国航空运输协会取得行政许可。；企业依法自主选择经营项目，开展经营活动；依法须经批准的项目，经相关部门批准后依批准的内容开展经营活动；不得从事本市产业政策禁止和限制类项目的经营活动。)
TransRush,批发业,"2,352.4958万(元)",一般经营项目是：计算机软硬件的技术开发；货物及技术进出口(不含进口分销）。，许可经营项目是：
TST速运通,None,0,None
泰国中通CTO,None,0,None
泰国中通ZTO,None,0,None
铁中快运,道路运输业,600万(元),道路普通货物运输；仓储服务（不含危险化学品、民用爆炸品、放射性物品、核能物质）；搬运装卸服务；货运代理；物流信息咨询服务；货物的进出口业务。（依法须经批准的项目，经相关部门批准后方可开展经营活动）
TCXB国际物流,None,0,None
淘布斯国际物流,道路运输业,500万(元),一般经营项目是：海上、航空、陆路国际货物运输代理业务，国内货运代理，代理报关业务，代理报检业务，国内贸易（不含专营、专卖、专控商品）；投资兴办实业（具体项目另行申报）；经营进出口业务（法律、行政法规、国务院决定禁止的项目除外，限制的项目须取得许可后方可经营），许可经营项目是：
泰进物流,多式联运和运输代理业,100万(元),第三方物流服务，道路货物运输，人力装卸服务，仓储管理（除危险化学品），货运代理，会务服务，展览展示服务，软件开发，商务咨询，从事货物及技术的进出口业务，日用百货、电子产品、计算机、软件及辅助设备的销售。 【依法须经批准的项目，经相关部门批准后方可开展经营活动】
UPS快递查询,多式联运和运输代理业,"1,000万(美元)",为UPS航空公司、货代公司和货主提供进出港货物、快件在上海浦东国际机场UPS转运中心内的处理服务，包括货运商务文件处理、收货、交接、过磅、仓储、装拆板、配载、出货、场内搬运、信息处理、查询，以及上述业务的配套服务；承办海运、陆运、空运进出口货物、国际展品、私人物品及过境货物运输代理，包括：揽货、托运、订舱、仓储、中转、集装箱拼装拆箱、结算运杂费；报关、报验，相关的短途运输服务及运输咨询业务。航空地面服务中的货物与邮件服务，国际快递（不含私人信函和县级以上党政军机关公文的寄递业务。 【依法须经批准的项目，经相关部门批准后方可开展经营活动】
UPS快递查询,多式联运和运输代理业,"1,000万(美元)",为UPS航空公司、货代公司和货主提供进出港货物、快件在上海浦东国际机场UPS转运中心内的处理服务，包括货运商务文件处理、收货、交接、过磅、仓储、装拆板、配载、出货、场内搬运、信息处理、查询，以及上述业务的配套服务；承办海运、陆运、空运进出口货物、国际展品、私人物品及过境货物运输代理，包括：揽货、托运、订舱、仓储、中转、集装箱拼装拆箱、结算运杂费；报关、报验，相关的短途运输服务及运输咨询业务。航空地面服务中的货物与邮件服务，国际快递（不含私人信函和县级以上党政军机关公文的寄递业务。 【依法须经批准的项目，经相关部门批准后方可开展经营活动】
UC优速快递,商务服务业,"6,022.0458万(元)",报关业务，国内快递（邮政企业专营业务除外），道路货物运输，货物运输代理，仓储服务（除危险化学品），国际货物运输代理，供应链管理，广告设计、制作、代理、发布，货物或技术进出口（国家禁止或涉及行政审批的货物和技术进出口除外）。 【依法须经批准的项目，经相关部门批准后方可开展经营活动】
UCS（合众速递）,None,0,None
USPS美国邮政,None,0,None
UEQ快递,None,0,None
UEX国际物流,None,0,None
UTAO 优到,批发业,500万(元),供应链管理；计算机软件开发；电子商务信息咨询（不含国家规定须经审批的项目）；互联网信息服务（不含增值电信业务）；计算机网络技术开发、技术咨询、技术服务；计算机网络系统集成；货物进出口、技术进出口（法律、行政法规禁止的不得经营，法律、行政法规限制经营的，取得许可证后方可经营）；代理报关、报检；仓储服务（不含危险化学品）；国际货运代理；经营其他无需行政审批即可经营的一般经营项目。（依法须经批准的项目，经相关部门批准后方可开展经营活动）
万家物流,道路运输业,"2,000万(元)",道路货物运输（货物专用运输（冷藏、保鲜），普通货运，除危险化学品），国内货运代理，国际货物运输代理，企业管理咨询，仓储（除危险品、成品油），建筑装潢材料，金属材料，日用百货销售。 【依法须经批准的项目，经相关部门批准后方可开展经营活动】
万家通,软件和信息技术服务业,300万(元),计算机网络工程；安防工程；计算机软、硬件的设计和技术开发；数据库及计算机网络服务；网站建设与维护；计算机咨询；销售：计算机及配件，办公耗材，办公用品，办公设备，教学设备，电教器材，通信器材，电子产品，数码产品，家用电器，五金交电，灯具；网上销售：计算机及配件，办公耗材，办公用品，办公设备，教学设备，电教器材，通信器材，电子产品，数码产品，家用电器，五金交电，灯具，纺织品，针织品，服装，鞋帽，箱、包，小物品，眼镜，化妆品，卫生用品，厨房、卫生间用具，日用百货。
万家物流,道路运输业,"2,000万(元)",道路货物运输（货物专用运输（冷藏、保鲜），普通货运，除危险化学品），国内货运代理，国际货物运输代理，企业管理咨询，仓储（除危险品、成品油），建筑装潢材料，金属材料，日用百货销售。 【依法须经批准的项目，经相关部门批准后方可开展经营活动】
万家通,软件和信息技术服务业,300万(元),计算机网络工程；安防工程；计算机软、硬件的设计和技术开发；数据库及计算机网络服务；网站建设与维护；计算机咨询；销售：计算机及配件，办公耗材，办公用品，办公设备，教学设备，电教器材，通信器材，电子产品，数码产品，家用电器，五金交电，灯具；网上销售：计算机及配件，办公耗材，办公用品，办公设备，教学设备，电教器材，通信器材，电子产品，数码产品，家用电器，五金交电，灯具，纺织品，针织品，服装，鞋帽，箱、包，小物品，眼镜，化妆品，卫生用品，厨房、卫生间用具，日用百货。
威时沛运,多式联运和运输代理业,"6,420万(元)",货物检验代理服务;打包、装卸、运输全套服务代理;货物报关代理服务;物流代理服务;仓储代理服务;道路货物运输代理;商品批发贸易（许可审批类商品除外）;货物进出口（专营专控商品除外）;技术进出口;
微转运,互联网和相关服务,100万(元),信息技术培训、网络技术咨询服务；广告设计、制作、发布服务（依法须经批准的项目，经相关部门批准后方可开展经营活动）
万通快递,邮政业,50万(元),国内快递（邮政企业专营业务除外）（依法须经批准的项目，经相关部门批准后方可开展经营活动）
渥途国际速运,None,0,None
豌豆物流,批发业,"5,000万(元)",一类医疗器械、二类医疗器械、计算机软件、保健食品、保健品、预包装食品、婴幼儿配方乳粉、三类医疗器械、日用品的销售；一类医疗器械、二类医疗器械、三类医疗器械的研发；化妆品及卫生用品、医疗用品及器材的零售；医疗器械技术推广服务；基础软件开发；版权服务；软件服务；著作权代理；药品、医疗器械互联网交易服务；专利代理服务；供应链管理与服务。（依法须经批准的项目，经相关部门批准后方可开展经营活动）
万家康物流,零售业,300万(元),农产品的销售、物流配送、仓储及代购代销，农产品电商销售。（依法须经批准的项目，经相关部门批准后方可开展经营活动）
维普恩物流,多式联运和运输代理业,600万(元),国际航空、海上、陆路货物运输代理，普通货运，国内货物运输代理，人工装卸，自有设备租赁（不得从事金融租赁），仓储服务（除危险品），商务信息咨询（除经纪），物流科技领域内的技术咨询。 【依法须经批准的项目，经相关部门批准后方可开展经营活动】
51跨境通,None,0,None
万达美,批发业,"1,000万(元)",网上贸易代理；食品经营（未取得相关行政许可（审批），不得开展经营活动）；广告设计；网页设计；软件开发；计算机软硬件技术咨询、技术转让；计算机系统集成；销售计算机软硬件、日用品、服装鞋帽、针纺织品、工艺美术品、玩具、化妆品、文化体育用品（不含图书、报刊、音像制品和电子出版物）、水果、水产品；货物及技术进出口；国际货物运输代理；计算机软件技术开发、技术服务；数据处理；仓储服务（不含危险化学品）；（依法须经批准的项目，经相关部门批准后方可开展经营）。
沃埃家,软件和信息技术服务业,"1,269.8413万(元)",软件开发;信息系统集成服务;信息技术咨询服务;信息电子技术服务;物流代理服务;打包、装卸、运输全套服务代理;仓储代理服务;其他仓储业（不含原油、成品油仓储、燃气仓储、危险品仓储）;家具安装;家具和相关物品修理;家庭服务;商品批发贸易（许可审批类商品除外）;供应链管理;道路货物运输;
潍鸿,批发业,50万(元),计算机软件、信息系统软件的开发、销售；信息系统设计、集成、运行维护；信息技术咨询；集成电路设计、研发；服装、纺织品、针织品、日用百货、文化用品、体育用品、建材、机械设备、五金产品、电子产品批发、零售；计算机、软件及辅助设备的销售；会展服务；企业营销策划；市场营销策划；经营电子商务；国内贸易；经营进出口业务。（法律、行政法规、国务院决定禁止的项目除外，限制的项目须取得许可后方可经营）^
万运国际快递,批发业,-,鞋 批发（依法须经批准的项目，经相关部门批准后方可开展经营活动。）
武汉优进汇,多式联运和运输代理业,500万(元),供应链管理(法律、行政法规、国务院决定禁止的项目除外、限制的项目须取得许可后方可经营不含限制项目)；网络科技、计算机科技领域内的技术开发、技术咨询、技术服务、技术转让；货物进出口、技术进出口、代理进出口（不含国家禁止或限制进出口的货物或技术）；预包装食品批发（凭许可证在核定期限内经营）；国际货运代理（不含道路运输）；数据处理和存储服务。（依法须经审批的项目，经相关部门审批后方可开展经营活动）
迅达速递,机动车、电子产品和日用产品修理业,50万(元),货运代理、仓储服务、国内快递（邮政企业专营业务除外）。
信丰物流,道路运输业,"1,000万(元)",国内货物运输代理；计算机软件开发、有关物流管理的咨询服务，仓储服务。国内快递；普通货运、配载、货物包装。(依法须经批准的项目，经相关部门批准后方可开展经营活动)
喜来快递,邮政业,"6,000万(元)",国内快递（邮政企业专营业务除外）；市场调研；商务信息咨询；会展服务。（依法须经批准的项目，经相关部门批准后方可开展经营活动）
新顺丰（NSF）,None,0,None
新速航,商务服务业,"90,000万(元)",会务服务；商务咨询，信息服务；旅游用品及工艺品（象牙及其制品除外）批发零售、承接各类广告设计、制作，互联网信息服务，酒店管理（除餐饮管理），餐饮信息服务；利用自有媒体发布广告；电子商务（不得从事金融业务），计算机技术服务，会展服务，国内航线、国际航线或者香港、澳门、台湾地区航线的航空客运销售代理业务，保险兼业代理业务（保险公司授权代理范围），电信业务 。 【依法须经批准的项目，经相关部门批准后方可开展经营活动】
西邮寄,其他金融业,"3,000万(元)",预付卡发行与受理。（支付业务许可证有效期至2017年6月26日）（依法须经批准的项目，经相关部门批准后方可开展经营活动）
新杰物流,多式联运和运输代理业,"8,000万(元)",一类货运代理，货物包装，货物装卸，仓储，商务咨询，企业管理策划，国际海上运输代理服务，国际公路运输代理服务，全国联运货物业务，货物运输保险代理，普通货运，货物专用运输（冷藏保鲜），道路危险货物运输【第三类（易燃液体），第四类（易燃固体），除剧毒品】，货物专用运输（集装箱A），电子产品、日用百货、建材、五金交电、汽车配件的批发，自有汽车租赁，实验仪器与耗材、生物试剂（除医用、兽用生物试剂和药品外）、化学试剂（危险品除外），所有第二类医疗器械（不含体外诊断试剂）经营，第三类医疗器械（口腔科材料）经营。 【依法须经批准的项目，经相关部门批准后方可开展经营活动】
心怡物流,道路运输业,50万(元),普通货运；仓储（不含易燃易爆及国家违禁物品）；货物装卸；国内道路运输代理。（依法须经批准的项目，经相关部门批准后方可开展经营活动），
新时速物流,道路运输业,"1,000万(元)",道路货物运输（普通货运；货物专用运输（集装箱），除危险化学品），国内货物运输代理，仓储服务（除危险化学品），搬运服务，装卸服务，汽摩配件，五金交电，木制品，日用百货销售 。 【依法须经批准的项目，经相关部门批准后方可开展经营活动】
翔腾物流,道路运输业,"1,000万(元)",普通货运、货运配载、货运代理。（以上经营范围须取得相关行政许可后方可开展经营活动）；仓储（不含危险品）。电器销售，钢材销售，日用百货销售；搬运装卸服务。（依法须经批准的项目，经相关部门批准后方可开展经营活动）。
西翼物流,软件和信息技术服务业,"2,050万(元)",计算机、网络科技专业领域内的技术服务、技术咨询、技术开发、技术转让，呼叫中心业务、信息服务业务，系统集成，货运代理，物流服务，货物与技术的进出口，市场营销策划，投资咨询，商务咨询（除经纪），广告设计、制作、利用自有媒体发布广告，智能卡的开发及其生产设备的销售，计算机软硬件、金属材料、机电设备、化工产品（除危险品）、建筑装潢材料、车辆配件、橡胶制品、木材、五金交电、百货、针纺织品的销售，通信产品、网络设备、计算机软件的技术开发与销售，电子产品及设备、移动电话机的生产（仅限分支机构经营）、研发和销售，银行卡终端（POS机）设备销售、租赁、安装、维护，电子商务（不得从事金融业务）。 【依法须经批准的项目，经相关部门批准后方可开展经营活动】
小熊物流,科技推广和应用服务业,"3,200万(元)",技术推广服务；销售家用电器、电子产品、计算机、软件及辅助设备、机械设备、通讯设备、五金交电（不含电动自行车）、日用品、建筑材料、金属材料、服装、首饰、文具用品、体育用品；软件开发；经济贸易咨询；企业管理咨询；财务咨询（不得开展审计、验资、查账、评估、会计咨询、代理记账等需经专项审批的业务，不得出具相应的审计报告、验资报告、查账报告、评估报告等文字材料。）；市场调查；投资咨询；企业策划；经济贸易咨询；会议及展览服务；设计、制作、代理、发布广告；工艺美术设计；货物进出口；代理进出口；技术进出口；产品设计；技术研发；第二类增值电信业务中的信息服务业务（仅限互联网信息服务）（互联网信息服务不含新闻、出版、教育、医疗保健、药品和医疗器械，含电子公告服务）（电信与信息服务业务经营许可证有效期至2019年12月26日）。（企业依法自主选择经营项目，开展经营活动；依法须经批准的项目，经相关部门批准后依批准的内容开展经营活动；不得从事本市产业政策禁止和限制类项目的经营活动。）
西安运逸快递,商务服务业,100万(元),许可经营项目：国内快递（邮政企业专营业务除外）、普通货物运输。(凭许可证明文件、证件在有效期内经营；未经许可不得经营） 一般经营项目：
星空国际,生态保护和环境治理业,"110,000万(元)",大气污染治理；风沙治理、光伏发电、网络、卫星通信、土地平整、防沙固沙、环保、新能源技术开发；污水处理；环境保护监测。（企业依法自主选择经营项目，开展经营活动；依法须经批准的项目，经相关部门批准后依批准的内容开展经营活动；不得从事本市产业政策禁止和限制类项目的经营活动。）
雪域快递,机动车、电子产品和日用产品修理业,"1,000万(元)",国内快递（邮政企业专营业务除外）货物联运、货物配送、货物中转、货运代办、中、小件物资运输（依法须经批准的项目，经相关部门批准后方可开展经营活动）违禁品除外
西游寄,农业,"2,005.18万(元)",稻谷种植;水产品批发;鲜肉批发（仅限猪、牛、羊肉）;玉米种植;豆类种植;蔬菜种植;花卉种植;水果种植;谷物、豆及薯类批发;花卉作物批发;水果批发;蔬菜批发;冷冻肉批发;蛋类批发;生鲜家禽批发;水果零售;蔬菜零售;冷冻肉零售;蛋类零售;零售鲜肉（仅限猪、牛、羊肉）;水产品零售;农业技术推广服务;农业技术开发服务;农业技术咨询、交流服务;农产品初加工服务;货物进出口（专营专控商品除外）;商品批发贸易（许可审批类商品除外）;餐饮管理;生物防治技术推广服务;收购农副产品;餐饮配送服务;预包装食品批发;散装食品批发;中餐服务（仅限分支机构经营）;预包装食品零售;散装食品零售;快餐服务（仅限分支机构经营）;
xLobo,装卸搬运和仓储业,527万(元),供应链管理，在信息技术领域内的技术开发、技术咨询、技术转让、技术服务，计算机软件开发（电子出版物、音像制品除外），商务信息咨询，海上、航空、公路国际货物运输代理（船舶代理除外），电子产品的批发、网上零售、进出口、佣金代理（拍卖除外）。 【依法须经批准的项目，经相关部门批准后方可开展经营活动】
迅速快递,多式联运和运输代理业,50万(元),寄递业务（信件和其他具有信件性质的物品除外），商务信息咨询，销售五金交电、建筑材料、化工原料及产品（除危险品）、玩具、纺织原料、针纺织品、化妆品、文化办公用品、劳防用品（除特种）、工艺礼品、花卉。（涉及许可经营的凭许可证经营）。
香港伟豪国际物流,None,0,None
鑫远东速运,道路运输业,100万(元),法律、法规、国务院决定规定禁止的不得经营；法律、法规、国务院决定规定应当许可（审批）的，经审批机关批准后凭许可（审批）文件经营;法律、法规、国务院决定规定无需许可（审批）的，市场主体自主选择经营。（道路货物运输，货运代理，仓储服务（不含危险化学品），汽车修理及汽车配件销售。）
新元国际,商务服务业,50万(元),企业管理、科技、项目、工程、规划、投资、金融、资信评级、市场营销的咨询，技术培训，经济信息咨询服务。（依法须经批准的项目，经相关部门批准后方可开展经营活动）
圆通速递,邮政业,"82,122.1341万(元)",国内、国际快递（邮政企业专营业务除外），国际货物运输代理，普通货运，仓储服务（除危险化学品），商务咨询，企业管理咨询，物流科技、信息科技专业领域内的技术开发、技术咨询、技术服务、技术转让，汽车租赁，广告设计、制作、代理、发布。 【依法须经批准的项目，经相关部门批准后方可开展经营活动】
韵达快递,邮政业,"18,527.8277万(元)",国内快递、代理国际快递（邮政企业专营业务除外），普通货运、货运代理、仓储服务，国际货物运输代理，搬运装卸服务，快递业务咨询，实业投资，商务信息咨询，自有房屋租赁，汽车租赁，信息科技专业领域内的技术开发、技术服务、技术咨询，设计、制作、代理各类广告，利用自有媒体发布各类广告，从事货物及技术的进出口业务。 【依法须经批准的项目，经相关部门批准后方可开展经营活动】
韵达美国件,None,0,None
邮政国内,邮政业,"13,760,000万(元)",国内、国际邮件寄递业务；邮政汇兑业务，依法经营邮政储蓄业务；机要通信业务和义务兵通信业务；邮票发行业务；第二类增值电信业务中的国内呼叫中心业务、信息服务业务（不含互联网信息服务）；图书、报纸、期刊、电子出版物、音像制品批发、零售、网上销售（有效期至2022年04月30日）；各类邮政代理业务；报刊等出版物发行业务；邮政物流、电子邮件等新兴业务；邮政软件开发；电子商务；邮政用品及通讯设备销售；邮政工程规划及邮政器材销售；邮政编码信息和经济技术业务开发、咨询与服务；自有房屋租赁；广告业务；仓储服务；会务、礼仪服务及咨询；农业生产资料、农副产品、百货的销售。保险兼业代理（限分支机构经营）；住宿、餐饮服务、预包装食品、酒类的批发零售（仅限分支机构经营）；电影票务代理；文艺演出票务代理；承办展览展示；组织文化艺术交流活动(不含演出)；体育运动项目经营（高危险性体育项目除外)；创意服务；国内旅游业务；入境旅游业务。（企业依法自主选择经营项目，开展经营活动；国内旅游业务、入境旅游业务以及依法须经批准的项目，经相关部门批准后依批准的内容开展经营活动；不得从事本市产业政策禁止和限制类项目的经营活动。）
邮政国际,邮政业,"82,122.1341万(元)",国内、国际快递（邮政企业专营业务除外），国际货物运输代理，普通货运，仓储服务（除危险化学品），商务咨询，企业管理咨询，物流科技、信息科技专业领域内的技术开发、技术咨询、技术服务、技术转让，汽车租赁，广告设计、制作、代理、发布。 【依法须经批准的项目，经相关部门批准后方可开展经营活动】
邮政EMS速递,研究和试验发展,50万(元),材料化工技术的研究、开发及相关的技术服务、技术咨询、技术转让；化工原料及产品的购销；自营和代理各类商品及技术的进出口业务。（依法须经批准的项目，经相关部门批准后方可开展经营活动）
运通快递,其他服务业,50万(元),国内快递（邮政企业专营业务除外，凭《快递业务经营许可证》经营，有效期至2022年10月25日）（依法须经批准的项目，经相关部门批准后方可开展经营活动）
宇鑫物流,装卸搬运和仓储业,"10,000万(元)",道路普通货物运输、物流服务、货物包装、货运代理、货运信息咨询；货运停车场、货物中转、仓储服务（易燃易爆及危险化学品除外）；技术服务；装卸、人工搬运；销售：机电产品、建材、五金工具、百货、化工产品（易燃易爆及危险有毒化学品除外）；房屋租赁。
远成物流,道路运输业,"35,914.1553万(元)",道路普通货运；在上海市普陀区桃浦镇616街坊15/1地块内从事仓储设施的建设和经营，货物的包装加工；国内货物运输代理业务；承办海运、陆运、空运进出口货物的国际货物运输代理业务，包括：揽货、订舱、托运、仓储、中转、集装箱拼装拆箱、结算运杂费、报关、报验、报检、保险。物流信息处理服务及物流技术咨询服务，企业管理咨询，投资咨询。物流信息系统软件的开发制作，销售自产产品。五金交电、机电设备、电脑及配件的批发。（不涉及国营贸易管理商品，涉及配额、许可证管理商品的，按国家有关规定办理申请）。 【依法须经批准的项目，经相关部门批准后方可开展经营活动】
优速快递,邮政业,50万(元),国内快递（邮政企业专营业务除外），货物运输代理，仓储服务（除危险化学品）。 【依法须经批准的项目，经相关部门批准后方可开展经营活动】
越丰物流,道路运输业,"1,000万(元)",道路普通货物运输；仓储服务（不含危险品)；铁路小件货物快运；货运配载；装卸搬运（不含危险品)；承办海运、陆运、空运进出口货物的国际运输代理业务（包括：揽货、托运、订舱、仓储、中转、集装箱拼装拆箱、结算运杂费、报关、报验、相关的短途运输代理服务及运输咨询业务)；货运代理；船舶运输代理；供应链管理；机械设备的租赁（不含融资租赁)；会务服务；设计、制作、发布、代理国内外各类广告；数据处理和存储服务；计算机软、硬件的技术咨询、技术转让、技术服务；企业管理咨询(不含投资咨询、不含教育咨询)；家居用品、保健器材、办公用品、日用品、家用电器、礼品、建材的销售；家用电器、家具、健身器材的安装、维修；自营和代理各类商品及技术的进出口业务，但国家限定企业经营或禁止进出口的商品和技术除外。(依法须经批准的项目，经相关部门批准后方可开展经营活动）
源安达快递,邮政业,50万(元),服务：国内快递（邮政企业专营业务除外）（凭有效的《快递业务经营许可证》经营），普通货运（凭有效的《道路运输经营许可证》经营），货物运输代理（不含危险品等特种货物运输代理），货运信息咨询。
原飞航物流,多式联运和运输代理业,"10,900万(元)",一般经营项目是：承办陆运、空运进出口货物的国际运输代理业务，包括：揽货、订舱、仓储、中转、集装箱拼装拆箱、结算运杂费、报关、报验、保险、相关的短途运输服务及咨询业务；国内货运代理；从事国际航线或香港、澳门、台湾地区航线、国内航线（除香港、澳门、台湾地区航线外）的航空货运销售代理业务（按许可证期限经营及危险品除外）。，许可经营项目是：国内、国际快递；普通货运；无船承运；城市配送服务；网络货运。
亚风速递,道路运输业,50万(元),跨省快递业务;省内快递业务;道路货物运输代理;打包、装卸、运输全套服务代理;物流代理服务;仓储代理服务;
邮必佳,化学原料和化学制品制造业,"1,820万(美元)",从事胶粘剂（不饱和聚酯树脂、饱和聚酯树脂、环氧乙烯基树脂）的生产及加工，销售自产产品并提供产品相关技术服务；从事不饱和聚酯树脂原料、饱和聚酯树脂及其原料（不包含危险化学品）的批发、佣金代理（拍卖除外）及进出口业务（不涉及国营贸易管理商品，涉及配额、许可证管理的商品的，按国家有关规定办理申请）。（依法须经批准的项目，经相关部门批准后方可开展经营活动）
英脉物流,道路运输业,"1,000万(元)",普通货运；仓储（除专项），停车场库经营，货运代理。 【依法须经批准的项目，经相关部门批准后方可开展经营活动】
云豹国际货运,邮政业,500万(元),服务：航空、陆路国际货运代理，代理报关、报检，仓储服务（除化学危险品及易制毒化学品）；货物进出口（法律、行政法规禁止经营的项目除外，法律、行政法规限制经营的项目取得许可后方可经营）；其他无需报经审批的一切合法项目。（依法须经批准的项目，经相关部门批准后方可开展经营活动）
云南中诚,批发业,"5,000万(元)",矿产品销售（国家禁限制除外）；房屋建筑工程、市政公用工程、土石方工程、地基与基础工程、建筑装修装饰工程施工；建筑劳务分包；建筑机械设备、钢模扣件租赁；建筑材料、五金交电销售；普通货物道路运输。（依法须经批准的项目，经相关部门批准后方可开展经营活动）
永昌物流,软件和信息技术服务业,"1,000万(元)",大件运输；货物专用运输（集装箱）；普通货运；信息配载；货物中转；仓储服务（不含危险化学品、易制毒品、易燃易爆品）以及其他按法律、法规、国务院决定等规定未禁止和不需要经营许可的项目。（依法须经批准的项目，经相关部门批准后方可开展经营活动）
优速通达,多式联运和运输代理业,500万(元),货运代理；普通货运（道路运输经营许可证有效期至2019年08月25日）；销售通讯器材、日用品；设计、制作、代理、发布广告；承办展览展示。（企业依法自主选择经营项目，开展经营活动；依法须经批准的项目，经相关部门批准后依批准的内容开展经营活动；不得从事本市产业政策禁止和限制类项目的经营活动。）
优莎速运,化学原料和化学制品制造业,"3,000万(元)",农药、水溶肥料、有机肥、菌肥、复合肥、土壤调理剂的生产、销售；农业新技术开发、技术推广、技术咨询，从事货物及技术的进出口业务。
易客满,装卸搬运和仓储业,588.24万(元),仓储（化学危险品及易制毒品除外）；普通货运；国际货运代理（海、陆、空）；打包、装卸、搬倒服务；空车配货；从事国家法律法规允许的进出口业务；代理报关、报检业务；代理国际快递（邮政企业专营业务除外）；软件开发与销售；软件技术服务、技术转让、技术咨询；汽车租赁。（依法须经批准的项目，经相关部门批准后方可开展经营活动）
英超物流,道路运输业,100万(元),货运信息配载；普通货运；装卸搬运（依法须经批准的项目，经相关部门批准后方可开展经营活动）
远洋国际,房屋建筑业,"60,000万(元)",建筑施工总承包、建筑装饰与装修、建筑工程安装、建筑工程设计和咨询；工程建设咨询、工程技术咨询；销售建筑材料、建筑设备、机电设备；货物进出口、技术进出口、代理进出口。（企业依法自主选择经营项目，开展经营活动；依法须经批准的项目，经相关部门批准后依批准的内容开展经营活动；不得从事本市产业政策禁止和限制类项目的经营活动。）
一号仓,None,0,None
远成快运,None,0,None
一号线,道路运输业,"30,000万(元)",青岛市地铁一号线工程投融资、建设、运营与管理；基础设施、公共设施项目的工程建设管理，招标与货物采购、技术服务；土地整理与开发；房地产开发；城市轨道交通相关资源的综合开发及管理；物业管理；国内广告业务；货物和技术的进出口业务。（依法须经批准的项目，经相关部门批准后方可开展经营活动）
壹品速递,邮政业,500万(元),国内快递（邮政企业专营业务除外）（在该许可的有效期内从事经营）；道路普通货物运输，仓储服务；电子产品销售（依法须经批准的项目，经相关部门批准后方可开展经营活动）
易达通快递,邮政业,50万(元),国内快递（邮政企业专营业务除外）【南开区（代理韵达）】；搬家服务；国内货运代理服务；代办车务手续；家政服务；保洁服务；会务服务。（以上经营范围涉及行业许可的凭许可证件，在有效期限内经营，国家有专项专营规定的按规定办理。）
易优包裹,商务服务业,"200,000万(元)",投资兴办实业（具体项目另行申报）；市场营销策划、投资咨询及其它信息咨询（不含人才中介服务、证券及限制项目）；供应链管理；资产管理、资本管理、投资管理（不得从事信托、金融资产管理、证券资产管理等业务）。^
韵丰物流,道路运输业,"1,500万(元)",普通道路货物运输、货运站经营；电子商务；国际运输代理；仓储服务（易燃易爆危险化学品除外）。
驿扬国际速运,批发业,0.8万(元),针织品　　批发（依法须经批准的项目，经相关部门批准后方可开展经营活动。）
韵达快运,邮政业,50万(元),国内快递（邮政企业专营业务除外）（经营有效期至2020年9月8日）；装卸搬运服务。（河间市韵达快运有限公司四化街分公司地址设在河间市瀛州镇四化路东侧）（依法须经批准的项目，经相关部门批准后方可开展经营活动）
洋包裹,专业技术服务业,"12,331万(元)",钟表眼镜、照相器材、卫生洁具、箱包、厨房用具、乐器、装饰材料、日用百货、仪器仪表、劳保用品、家具、塑料制品、针纺织品、服装鞋帽、化妆品及卫生间用品、珠宝首饰、皮革制品、文具用品、五金交电（不得从事实体店铺经营、不含电动自行车）、家用电器、工艺品、汽车零配件、摩托车零配件、体育用品、玩具、通讯设备、建筑材料（不得从事实体店铺经营）、计算机软硬件及辅助设备、电子产品、文化用品；矿产品（不含铁矿石、氧化铝、铝土矿）、铝锭、锌锭、沥青、五金制品、木材、机械设备、电子元器件；网络信息技术服务；计算机软件的设计、开发；系统集成；数据处理；票务代理（航空机票销售代理除外）；会议服务；货物进出口、技术进出口、代理进出口（涉及配许可证管理、专项规定管理的商品按照国家有关规定办理）；II类医疗器械（6821医用电子仪器设备，6827中医器械，6854手术室、急救室、诊疗室设备及器具，6826物理治疗及康复设备，6864医用卫生材料及敷料，6866医用高分子材料及制品，6856病房护理设备及器具）的批发、零售；旅游咨询（按国家有关规定开展业务活动）；设计、制作、代理、发布广告；批发、零售预包装食品、乳制品（含婴幼儿配方乳粉）；经营保健食品（食品卫生许可证有效期至2018年09月16日）。（依法须经批准的项目，经相关部门批准后依批准的内容开展经营活动。）
优联吉运,科技推广和应用服务业,10万(元),从事互联网文化活动；互联网信息服务；技术开发、技术咨询、技术服务、技术推广；数据处理（数据处理中的银行卡中心、PUE值在1.5以上的云计算数据中心除外）；货运代理；经济贸易咨询、企业管理咨询、经济信息咨询；（企业依法自主选择经营项目，开展经营活动；从事互联网文化活动、互联网信息服务以及依法须经批准的项目，经相关部门批准后依批准的内容开展经营活动；不得从事本市产业政策禁止和限制类项目的经营活动。）
优邦速运,医药制造业,"8,170.5万(元)",生产销售原料药、包装物品等(依法须经批准的项目，经相关部门批准后方可开展经营活动，有效期以许可证为准)。
玥玛速运,软件和信息技术服务业,501万(元),软件开发；信息系统集成服务；信息技术咨询服务；数据处理和储存服务；集成电路设计；计算机网络系统工程服务；计算机技术开发、技术服务；商品批发贸易（许可审批类商品除外）；贸易代理。(依法须经批准的项目，经相关部门批准后方可开展经营活动)
易转运,多式联运和运输代理业,500万(元),仓储咨询服务;贸易咨询服务;信息技术咨询服务;国际货运代理;道路货物运输代理;货物检验代理服务;货物报关代理服务;打包、装卸、运输全套服务代理;物流代理服务;仓储代理服务;其他仓储业（不含原油、成品油仓储、燃气仓储、危险品仓储）;邮政代办业务;供应链管理;商品信息咨询服务;包装服务;货物进出口（专营专控商品除外）;贸易代理;
一起送,商务服务业,"2,000万(元)",网络科技（不得从事科技中介），电子商务（不得从事金融业务），供应链管理，仓储管理（除危险化学品），国际海运辅助业务，道路货物运输（除危险品），电信业务，国内货物运输代理，计算机软件开发，汽车配件、润滑油、化工原料及产品（除危险化学品、监控化学品、民用爆炸物品、易制毒化学品）、计算机软件及辅助设备的销售，机械科技、机电科技、计算机软件科技领域内的技术开发、技术咨询、技术转让、技术服务，展览展示服务，建设工程造价咨询、装卸服务，物业管理，停车场（库）经营，物流信息咨询，医疗器械经营，国际陆路、航空、海上货物运输代理，国内货物运输代理，自由设备租赁（除金额租赁），企业管理咨询（除经纪），第三方物流服务（除危险化学品），货物或技术进出口（国家禁止或涉及行政审批的货物和技术进出口除外）。【依法须经批准的项目，经相关部门批准后方可开展经营活动】
永邦国际物流,装卸搬运和仓储业,500万(元),国际货物运输代理，供应链管理，国内货物运输代理，仓储服务（除危险化学品），搬运服务，装卸服务，停车场管理服务，打包服务，广告设计、制作、代理、发布，从事货物进出口及技术进出口业务，电子商务（不得从事增值电信、金融业务）。 【依法须经批准的项目，经相关部门批准后方可开展经营活动】
易航物流,None,0,None
一速递,多式联运和运输代理业,10万(元),货运代理，仓储服务，国内快递业务（邮政企业专营业务除外）。
洋口岸,软件和信息技术服务业,"1,000万(元)",网络技术、信息技术开发、技术服务、技术咨询；货物配送、货运代理服务；服装鞋帽、箱包、化妆品、数码产品、工艺品、日用百货、摄影器材、玩具、音响设备及器材、电子产品、通讯器材、计算机软硬件、预包装食品、乳制品的批发、零售、网上销售；自营和代理各类商品和技术的进出口，但国家限定公司经营或禁止进出口商品和技术除外。（依法须经批准的项目，经相关部门批准后方可开展经营活动）
优优速递,None,0,None
易普递,None,0,None
雅澳物流,装卸搬运和仓储业,"5,000万(元)",道路货物运输（除危险化学品），仓储服务，供应链管理，企业管理咨询，商务咨询，物流信息咨询，电子商务（不得从事增值电信、金融业务），海上、陆路、航空国际货运代理，货物运输代理，第三方物流服务，装卸搬运服务，从事货物及技术的进出口业务，自有设备租赁，计算机软件的开发，演出经纪，摄影服务，航空器材、汽车、机电设备及配件、建筑装潢材料、玩具、工艺品、金属材料、阀门、皮革制品、针纺织品、日用百货、橡胶制品、服装服饰、办公用品、纸制品、木制品、电子产品、通信设备及相关产品、化工产品（除危险化学品、监控化学品、烟花爆竹、民用爆炸物品、易制毒化学品）的销售。 【依法须经批准的项目，经相关部门批准后方可开展经营活动】
易邮国际,None,0,None
壹米滴答,商务服务业,"21,610.2127万(元)",供应链管理、国内货物运输（除危险品）、国内货运代理（除危险品），商务信息咨询，企业管理咨询，计算机软硬件开发，计算机专业领域内的技术开发、技术咨询、技术转让、技术服务，投资咨询，设计、制作、代理各类广告，装卸搬运服务，以特许经营方式从事商业活动，办公用品、机械设备、五金机电、电气设备、服装鞋帽、日用百货、针纺织品、电子产品、橡胶制品、皮革制品、玻璃制品、木制品、纸制品、矿产品、石材、钢材、建材、金属材料及制品的批发、进出口、佣金代理（拍卖除外）及其他相关配套业务，自有设备经营性租赁（不得从事金融租赁），仓储服务（除危险化学品）。 【依法须经批准的项目，经相关部门批准后方可开展经营活动】
邮邦国际,None,0,None
云邮跨境快递,None,0,None
邮来速递,None,0,None
易达国际速递,邮政业,"82,122.1341万(元)",国内、国际快递（邮政企业专营业务除外），国际货物运输代理，普通货运，仓储服务（除危险化学品），商务咨询，企业管理咨询，物流科技、信息科技专业领域内的技术开发、技术咨询、技术服务、技术转让，汽车租赁，广告设计、制作、代理、发布。 【依法须经批准的项目，经相关部门批准后方可开展经营活动】
一辉物流,多式联运和运输代理业,"3,500万(元)",一般经营项目是：承办海运、陆运、空运进出口货物、国际展品、私人物品及过境货物的国际运输代理业务，包括：揽货、托运、订舱、仓储中转、集装箱拼装拆箱、结算运杂费、报关、报验、报检、保险及运输咨询业务，国际多式联运、集运（含集装箱拼箱）。纺织品、服装、鞋、帽、化妆品、日用品、五金制品、电工器具、家用电器、体育用品、办公用品、通讯器材、家具、汽车配件、建筑及装潢材料（不含钢材）、化工材料及其制品（不含危险品）、电子元器件、贱金属、塑料制品、电气机械设备、仪表、办公仪器的批发、佣金代理（不含拍卖）、进出口及相关配套业务（不涉及国营贸易管理商品，涉及配额、许可证管理及其他专项规定管理的商品，按国家有关规定办理申请）； 物流信息咨询，预包装食品（不含复热）、红酒及冰淇淋批发、进出口。，许可经营项目是：道路货物专用运输（集装箱），普通货运，无船承运业务。
亚洲顺物流,道路运输业,"3,118万(元)",一般经营项目是：物流供应链管理及咨询；国内货运代理；海陆空国际货运代理；搬运及装卸服务；汽车租赁（不包括带操作人员的汽车出租）；汽车配件销售。（法律、行政法规、国务院决定禁止的项目除外，限制的项目须取得许可后方可经营），许可经营项目是：仓储服务；普通货运，货物专用运输（集装箱）（不含危险物品）。(法律、行政法规、国务院决定规定在登记前须经批准的项目除外）
越中国际物流,None,0,None
宇航通物流,None,0,None
耀飞同城快递,None,0,None
YCG物流,None,0,None
远航国际快运,None,0,None
易邮速运,机动车、电子产品和日用产品修理业,350万(元),许可经营项目：国内航线除香港、澳门、台湾地区航线外的航空客运销售代理业务（有效期至２０１6年１２月１０日）；国际航线或者香港、澳门、台湾地区航线的航空货运销售代理业务（危险品除外）（有效期至２０１5年5月3１日）；国内航线除香港、澳门、台湾地区航线外的航空货运销售代理业务（危险品除外）（有效期至２０１5年5月3１日）。 一般经营项目：商务信息咨询
优海国际速递,商务服务业,"1,000万(元)",对农业、工业、商业、建筑业、科研技术服务业、交通运输业、房地产业、居民服务业、能源开发项目、教育文化广播业的投资；商务管理咨询服务；企业管理咨询；房屋租赁；资产管理、投资管理（以上均不含期货、证券、金融信息咨询）。（依法须经批准的项目，经相关部门批准后方可开展经营活动）
易达快运,多式联运和运输代理业,50万(元),公路运输；货物运输代理（依法须经批准的项目，经相关部门批准后方可开展经营活动）。
一智通,商务服务业,"3,007.5676万(元)",供应链管理;道路货物运输代理;联合运输代理服务;打包、装卸、运输全套服务代理;物流代理服务;仓储代理服务;软件开发;信息系统集成服务;信息技术咨询服务;数据处理和存储服务;软件服务;软件批发;计算机零配件批发;商品批发贸易（许可审批类商品除外）;家具安装;家具和相关物品修理;房屋建筑工程设计服务;建筑材料设计、咨询服务;建筑工程后期装饰、装修和清理;房屋建筑工程施工;建筑工程、土木工程技术服务;包装装潢设计服务;道路货物运输;
优拜物流,批发业,500万(元),建筑材料、粉煤灰、炉渣、五金交电、化工产品（不含危险品）、日用百货、沥青、有色金属制品、橡胶制品的批发零售；货物或技术进出口（国家禁止或涉及行政审批的货物和技术进出口除外），普通货运，道路货物专用运输（罐式、集装箱），国际、国内货运代理，仓储服务（不含危险品），食品销售；装卸服务，搬运服务；建筑劳务分包。（依法须经批准的项目，经相关部门批准后方可开展经营活动）
中通快递,None,0,None
宅急送,None,0,None
中铁快运,None,0,None
中铁物流,None,0,None
中国东方(COE),None,0,None
芝麻开门,零售业,"10,000万(元)",普通机械、电子门锁、防盗锁的研发、生产及网上销售；电子产品（许可审批项目除外）、通讯器材（无线电发射及卫星地面接收设施除外）、五金交电、机械设备网上销售；保健品（凭有效许可证经营）、农副产品、房产、汽车销售；农作物种植、销售；国家允许经营的进出口贸易；门禁系统、安防报警系统、计算机软硬件技术开发；设计、代理、发布广告；企业形象策划。
中国邮政快递,新闻和出版业,"1,000万(元)",出版发行《中国邮政快递报》（报纸出版许可证有效期至2023年12月31日）；出版发行《快递》杂志（期刊出版许可证有效期至2023年12月31日）；计算机系统服务；数据处理；维修计算机；基础软件服务；应用软件服务；技术开发、技术推广、技术转让、技术咨询、技术服务；网页设计、制作；会议服务；承办展览展示活动；设计、制作、代理、发布广告；经济信息咨询；计算机方面的技术培训；企业管理方面的技术培训。（企业依法自主选择经营项目，开展经营活动；依法须经批准的项目，经相关部门批准后依批准的内容开展经营活动；不得从事本市产业政策禁止和限制类项目的经营活动。）
郑州建华,零售业,"1,000万(元)",国内快递（邮政企业专营业务除外）（凭有效许可证核定范围与期限经营）；道路普通货物运输（凭道路运输经营许可证核定范围与期限经营）；批发兼零售：预包装食品。（涉及许可经营项目，应取得相关部门许可后方可经营）
中速快件,None,0,None
郑州速捷,None,0,None
众辉达物流,None,0,None
转运四方,邮政业,"1,000万(元)",国内货运代理；国际货运代理；从事装卸业务；物流配送信息系统的技术开发；计算机软件的技术开发；经营进出口业务；供应链管理；物流方案设计；物流信息咨询；信息咨询（不含人才中介、保险、证券、银行业务及其它限制项目）（以上各项涉及法律、行政法规、国务院决定禁止的项目除外，限制的项目须取得许可后方可经营）。^
卓志速运,None,0,None
纵通速运,None,0,None
直德邮,批发业,200万(元),预包装食品的批发兼零售（有效期至2016年12月1日）；化妆品及卫生用品、眼镜（隐形眼镜除外）、婴儿用品、文化用品、第一类医疗器械、体温计、血压计、电子血压脉搏仪、磁疗器具、梅花针、三棱针、针灸针、医用脱脂棉、医用脱脂纱布、医用卫生口罩、医用无菌纱布、家用血糖仪、血糖试纸条、排卵检测试纸、妊娠诊断试纸（早早孕检测试纸）、避孕套、避孕帽、手提式氧气发生器及轮椅批发及零售；保健食品研发；医药咨询服务（医疗卫生活动除外）；信息咨询服务；项目投资及管理咨询；市场调查；企业营销策划；广告的设计、制作、发布及代理。（以上项目国家有专项规定的凭许可证经营）
中邮电商,None,0,None
中骅物流,None,0,None
中远e环球,None,0,None
珠峰速运,None,0,None
中通快运,None,0,None
中翼国际物流,None,0,None
中集冷云,商务服务业,"4,000万(元)",企业管理；信息咨询（不含中介服务）；技术开发、技术咨询、技术转让、技术服务；专业承包、劳务分包；货物进出口、技术进出口、代理进出口；销售化工产品（不含危险化学品及一类易制毒化学品）、机械设备、针纺织品、建筑材料（不含砂石及砂石制品）、日用品、服装鞋帽、五金（不含电动自行车）、Ⅰ类医疗器械、Ⅱ类医疗器械、太阳能器具、汽车配件；国内陆路货运代理；包装服务；机械设备租赁；仓储服务（不含危险化学品、粮油）；国际海上、航空、陆路货运代理；报关；报检；普通货运、货物专用运输（冷藏保鲜）；销售第三类医疗器械。（企业依法自主选择经营项目，开展经营活动；销售第三类医疗器械以及依法须经批准的项目，经相关部门批准后依批准的内容开展经营活动；不得从事本市产业政策禁止和限制类项目的经营活动。）
增速跨境,None,0,None
众川国际,航空运输业,"57,329万(元)",机场运营管理与国内外航空运输有关的地面服务；国内外航空运输业务代理、物流、仓储、广告、房屋租赁、停车场服务;国内外航线或者香港、澳门、台湾地区航线的航空客运销售代理；代理短期意外伤害保险；商贸管理；餐饮服务；礼仪服务；航空地面服务业务培训；租车预订代理；酒店预订代理；住宿（依法须经批准的项目，经相关部门批准后方可开展经营活动）
中环转运,None,0,None
中环快递,邮政业,-,国内快递（邮政企业专营业务除外）服务。
转运中国,水上运输业,"13,000万(元)",集装箱码头建设开发、集装箱的装卸、转运、储存保管、装拆箱、清洗、维修；其他货物的装卸、转运、储存保管；保税仓储物流；普通货运，货物专用运输（集装箱）（凭有效许可证在核定的范围内经营），国际和国内货物运输代理；与集装箱和其他货物装卸运输相关的业务及货运站的经营；房屋租赁和物业管理。（上述经营范围中国家有专项规定需经审批的项目，经审批后或凭有效许可证方可经营）。
中骅物流,道路运输业,50万(元),道路普通货物运输、国内货运代理、运输类仓储服务、搬运装卸服务。（依法须经批准的项目，经相关部门批准后方可开展经营活动）
志腾物流,多式联运和运输代理业,50万(元),国内快递（邮政企业专营业务除外）（按许可证核准的事项及期限从事经营）； 货运代理、仓储服务（不含危险化学品）。（以上范围国家法律、法规禁止经营的不得经营；国家法律、法规规定应经审批而未获审批前不得经营）
转瞬达集运,多式联运和运输代理业,200万(元),一般经营项目是：陆路、航空、海上国际货运代理；物流信息咨询；供应链管理；代理报关、报检业务；国内货运代理业务；经营电子商务（涉及前置性行政许可的，须取得前置性行政许可文件后方可经营）；国内贸易；货物及技术进出口。（法律、行政法规或者国务院决定禁止和规定在登记前须经批准的项目除外），许可经营项目是：
振捷国际货运,多式联运和运输代理业,500万(元),国际货运代理；国内公路、铁路货运代理经纪服务；普通货物装卸服务；集装箱拆、拼箱；代理报关、报检；货物进出口、技术进出口（法律、行政法规禁止的不得经营，法律、行政法规限制经营的，取得许可证后方可经营）。（依法须经批准的项目，经相关部门批准后方可开展经营活动）
中运全速,零售业,500万(元),销售机械设备、电子产品、计算机、软件及辅助设备、文具用品、工艺品、日用品、装饰材料(不从事实体店铺经营)；承办展览展示活动；组织文化艺术交流活动（不含演出）；经济贸易咨询；技术推广服务；租赁办公设备；货物进出口、技术进出口、代理进出口；道路货物运输。（企业依法自主选择经营项目，开展经营活动；道路货物运输以及依法须经批准的项目，经相关部门批准后依批准的内容开展经营活动；不得从事本市产业政策禁止和限制类项目的经营活动。）
正途供应链,None,0,None
中欧物流,None,0,None
百递网络,零售业,733.3333万(元),一般经营项目是：电脑软硬件的技术设计、技术开发及技术转让，并提供相关信息咨询（不含限制项目）；从事电脑软硬件的购销。，许可经营项目是：从事互联网增值服务、信息服务、移动增值服务。
